id,first_name,last_name,email,gender,ip_address
1,Yulma,Mockford,ymockford0@vistaprint.com,Male,239.70.38.251
2,Tome,Harrismith,tharrismith1@furl.net,Male,240.99.177.168
3,Clem,Blakeway,cblakeway2@w3.org,Female,241.62.85.100
4,Ted,Offin,toffin3@hostgator.com,Female,209.66.180.114
5,Mariele,Verrick,mverrick4@dion.ne.jp,Female,243.106.166.139
6,Othello,Ferrone,oferrone5@last.fm,Male,169.204.20.113
7,Taryn,Wurst,twurst6@com.com,Female,236.109.190.247
8,Brooke,Fasham,bfasham7@dagondesign.com,Female,177.24.235.201
9,Hale,Reims,hreims8@goodreads.com,Male,178.18.152.91
10,Vikki,Errowe,verrowe9@indiegogo.com,Female,142.130.115.226
11,Grace,Bugby,gbugbya@homestead.com,Female,80.0.5.67
12,Chaim,Plaschke,cplaschkeb@cdc.gov,Genderqueer,143.13.111.71
13,Persis,Dorricott,pdorricottc@hhs.gov,Polygender,57.201.49.152
14,Corrine,Simons,csimonsd@cyberchimps.com,Female,125.175.211.89
15,Rickey,Bazire,rbaziree@google.fr,Male,20.199.240.40
16,Appolonia,Pirnie,apirnief@istockphoto.com,Female,56.236.96.24
17,Coleman,Dabnor,cdabnorg@unicef.org,Male,50.248.213.58
18,Isadore,Delacourt,idelacourth@geocities.jp,Male,173.34.153.22
19,Elsi,Applin,eapplini@craigslist.org,Female,122.28.227.221
20,Bernarr,Filon,bfilonj@bravesites.com,Male,68.75.50.68
21,Lydon,Gildea,lgildeak@economist.com,Male,250.106.66.249
22,Electra,Dewdney,edewdneyl@godaddy.com,Female,103.78.188.62
23,Henriette,Brinkworth,hbrinkworthm@twitpic.com,Female,143.216.237.154
24,Adan,Kinworthy,akinworthyn@ustream.tv,Male,89.223.112.109
25,Mabel,Funcheon,mfuncheono@oakley.com,Female,133.209.127.227
26,Delphine,Fitzsimmons,dfitzsimmonsp@msn.com,Female,98.161.62.92
27,Traver,Sketch,tsketchq@blog.com,Male,240.132.57.59
28,Marita,Rimmington,mrimmingtonr@facebook.com,Female,176.57.158.109
29,Kennett,Mandrake,kmandrakes@ted.com,Male,108.112.61.76
30,Eldin,Hanny,ehannyt@salon.com,Male,229.206.220.194
31,Ingunna,Sterndale,isterndaleu@businessweek.com,Female,93.183.133.245
32,Phyllys,Feldon,pfeldonv@multiply.com,Female,124.238.192.167
33,Marlena,Quakley,mquakleyw@bloomberg.com,Female,18.78.182.29
34,Yelena,Chomicki,ychomickix@squidoo.com,Bigender,12.97.162.226
35,Halie,Langeren,hlangereny@omniture.com,Female,232.30.50.116
36,Spence,Mugg,smuggz@xinhuanet.com,Male,41.64.183.145
37,Sherilyn,Lening,slening10@so-net.ne.jp,Female,211.121.2.69
38,Jeannette,Olle,jolle11@wix.com,Female,130.55.52.37
39,Leanna,Bruford,lbruford12@dailymail.co.uk,Female,125.180.104.80
40,Lianna,McKeighen,lmckeighen13@nba.com,Female,231.225.167.184
41,Rustie,Pleming,rpleming14@posterous.com,Male,191.56.249.204
42,Dael,Silkston,dsilkston15@scribd.com,Male,5.19.14.255
43,Vivia,Hedges,vhedges16@pbs.org,Female,165.150.110.137
44,Timofei,Fouracres,tfouracres17@marriott.com,Male,29.217.105.177
45,Merilee,Gallaway,mgallaway18@trellian.com,Female,120.32.76.126
46,Arielle,Bastie,abastie19@wikipedia.org,Female,99.59.21.152
47,Amber,Tame,atame1a@behance.net,Female,153.185.1.75
48,Egbert,Harkin,eharkin1b@about.com,Male,67.32.178.225
49,Erasmus,Bilborough,ebilborough1c@scribd.com,Male,24.64.195.11
50,Sarita,Burger,sburger1d@yale.edu,Female,204.66.174.255
51,Carlee,Gierhard,cgierhard1e@prweb.com,Female,48.192.24.245
52,Cirilo,Jime,cjime1f@fastcompany.com,Male,180.168.47.114
53,Halli,Besse,hbesse1g@fda.gov,Female,203.106.15.220
54,Janek,Sides,jsides1h@cocolog-nifty.com,Male,40.112.25.172
55,Philipa,Bewfield,pbewfield1i@mashable.com,Female,197.224.207.59
56,Sharron,Cuniam,scuniam1j@bloglovin.com,Genderfluid,113.243.223.207
57,Harper,Wysome,hwysome1k@live.com,Male,2.18.37.78
58,Shela,Laurence,slaurence1l@github.com,Female,75.65.134.33
59,Marieann,Muspratt,mmuspratt1m@pbs.org,Bigender,238.111.217.6
60,Nickola,Rodder,nrodder1n@over-blog.com,Male,135.54.187.127
61,Andrew,Robottham,arobottham1o@prweb.com,Male,8.48.44.220
62,Russ,Avrahamian,ravrahamian1p@noaa.gov,Male,23.100.102.71
63,Drugi,Jozwiak,djozwiak1q@last.fm,Male,19.47.165.50
64,Nolan,Petrolli,npetrolli1r@qq.com,Male,223.226.171.151
65,Thorpe,Ogan,togan1s@zdnet.com,Male,234.21.62.116
66,Harlan,Taggerty,htaggerty1t@prweb.com,Male,63.161.65.173
67,Jessamyn,Ipsley,jipsley1u@cargocollective.com,Female,143.17.227.23
68,Cyrus,Mettetal,cmettetal1v@webmd.com,Male,49.200.61.150
69,Rosabel,Whatman,rwhatman1w@amazon.com,Female,166.86.253.99
70,Adriane,Euesden,aeuesden1x@independent.co.uk,Female,170.115.166.14
71,Berry,Gooding,bgooding1y@surveymonkey.com,Female,147.15.252.246
72,Stanly,Ilyuchyov,silyuchyov1z@bravesites.com,Male,212.53.132.200
73,Grange,Farloe,gfarloe20@jiathis.com,Male,133.151.190.202
74,Arley,Morteo,amorteo21@theguardian.com,Male,176.132.116.216
75,Herminia,Crandon,hcrandon22@theatlantic.com,Female,140.28.102.192
76,Evelyn,Lancaster,elancaster23@ezinearticles.com,Female,88.187.221.91
77,Edgardo,Reisenberg,ereisenberg24@state.tx.us,Male,104.122.42.42
78,Julianna,Rainbow,jrainbow25@hc360.com,Female,162.4.252.120
79,Ned,Vakhonin,nvakhonin26@cafepress.com,Male,67.253.231.1
80,Alva,Sapsforde,asapsforde27@economist.com,Male,50.45.122.160
81,Meggie,Aartsen,maartsen28@paypal.com,Female,65.204.209.190
82,Karrie,Brownbridge,kbrownbridge29@mail.ru,Female,241.239.100.109
83,Isa,Gye,igye2a@bravesites.com,Non-binary,41.86.121.79
84,Kylynn,Tedahl,ktedahl2b@wufoo.com,Female,118.163.237.69
85,Marlie,Dyson,mdyson2c@qq.com,Female,199.246.181.191
86,Star,Ellinor,sellinor2d@networksolutions.com,Female,66.250.222.146
87,Marnia,Norville,mnorville2e@stumbleupon.com,Female,245.43.191.249
88,Nil,Nicklen,nnicklen2f@purevolume.com,Genderqueer,33.50.121.89
89,Frazer,Bromby,fbromby2g@discovery.com,Male,208.132.72.107
90,Woodrow,Bellow,wbellow2h@chronoengine.com,Male,191.129.135.88
91,Theobald,Gartshore,tgartshore2i@elpais.com,Polygender,178.197.62.39
92,Neville,Menham,nmenham2j@photobucket.com,Male,61.208.186.248
93,Armand,Mattingson,amattingson2k@yahoo.com,Male,250.222.171.114
94,Worthy,Stayt,wstayt2l@vimeo.com,Male,121.93.139.173
95,Loree,Desouza,ldesouza2m@twitter.com,Female,27.249.191.124
96,Klaus,Cortin,kcortin2n@sciencedaily.com,Male,50.2.89.52
97,Hadlee,Dingate,hdingate2o@vk.com,Male,168.182.105.148
98,Juana,Muffin,jmuffin2p@blinklist.com,Female,71.56.91.75
99,Edwina,Riteley,eriteley2q@google.com.hk,Female,78.227.245.40
100,Sheila-kathryn,Kermott,skermott2r@msu.edu,Female,147.18.212.128
101,Amelina,Doding,adoding2s@drupal.org,Female,255.240.120.119
102,Arline,Leechman,aleechman2t@dion.ne.jp,Female,22.144.112.28
103,Dale,Hitcham,dhitcham2u@bing.com,Genderqueer,223.208.238.153
104,Carley,Seaborne,cseaborne2v@skyrock.com,Female,100.218.21.225
105,Tonya,Bellay,tbellay2w@clickbank.net,Female,151.73.123.6
106,Nikolia,Geraudel,ngeraudel2x@va.gov,Female,216.216.47.12
107,Aube,Aylward,aaylward2y@paypal.com,Male,124.232.6.193
108,Trudey,Le Bosse,tlebosse2z@bloglovin.com,Female,236.84.15.4
109,Rosemarie,Beltzner,rbeltzner30@home.pl,Female,158.13.172.152
110,Reina,Stanesby,rstanesby31@npr.org,Female,214.14.124.11
111,Addie,Haizelden,ahaizelden32@tuttocitta.it,Female,248.37.198.188
112,Hermione,Grist,hgrist33@nsw.gov.au,Female,219.104.149.211
113,Kerk,Barehead,kbarehead34@mapquest.com,Male,251.39.245.53
114,Melloney,Standage,mstandage35@smugmug.com,Female,200.77.218.91
115,Emelen,Yakebowitch,eyakebowitch36@phoca.cz,Male,232.173.140.203
116,Anett,Bugg,abugg37@joomla.org,Female,243.114.171.81
117,Freddi,Sherville,fsherville38@lycos.com,Female,21.27.2.85
118,Wiatt,Boultwood,wboultwood39@chicagotribune.com,Male,73.1.102.130
119,Jazmin,Broggio,jbroggio3a@tinypic.com,Female,107.37.175.32
120,Phil,Arents,parents3b@flavors.me,Male,71.218.243.94
121,Hamlen,Vowdon,hvowdon3c@hexun.com,Male,66.163.202.69
122,Corliss,Woodvine,cwoodvine3d@paginegialle.it,Female,41.217.240.22
123,Ysabel,Gercken,ygercken3e@abc.net.au,Female,120.239.9.27
124,Rasla,Le Port,rleport3f@google.co.uk,Female,85.227.191.178
125,Mortie,Cottrill,mcottrill3g@smugmug.com,Male,234.176.67.39
126,Garrott,Rowat,growat3h@youku.com,Male,254.99.185.80
127,Melania,Greenway,mgreenway3i@utexas.edu,Female,141.9.158.35
128,Corinna,Boughtflower,cboughtflower3j@tripod.com,Female,109.27.31.115
129,Illa,Lovelock,ilovelock3k@ezinearticles.com,Female,215.238.202.18
130,Lane,Twiname,ltwiname3l@comsenz.com,Female,84.16.103.64
131,Peyton,Marple,pmarple3m@w3.org,Male,234.193.44.212
132,Martelle,Cattow,mcattow3n@pagesperso-orange.fr,Female,15.64.66.170
133,Tandie,Buddington,tbuddington3o@phpbb.com,Female,106.80.111.92
134,Maurine,Fairholm,mfairholm3p@businesswire.com,Female,154.244.163.121
135,Renault,Broadberry,rbroadberry3q@springer.com,Male,158.71.236.128
136,Wallache,Etock,wetock3r@webeden.co.uk,Male,246.24.153.225
137,Mariam,Perrington,mperrington3s@tamu.edu,Female,48.59.105.94
138,Kellina,Oake,koake3t@telegraph.co.uk,Female,91.253.61.141
139,Richmound,Povah,rpovah3u@google.cn,Male,255.24.127.246
140,Shane,Brafield,sbrafield3v@pcworld.com,Polygender,116.44.164.215
141,Teodoro,Rosenberg,trosenberg3w@dailymail.co.uk,Male,209.98.47.98
142,Darcie,Ellis,dellis3x@google.ca,Female,78.199.122.23
143,Archambault,Blakeney,ablakeney3y@stumbleupon.com,Male,18.241.201.115
144,Nike,Putman,nputman3z@xinhuanet.com,Female,85.127.232.248
145,Noll,McCathy,nmccathy40@list-manage.com,Male,67.246.58.40
146,Maynard,Kulas,mkulas41@loc.gov,Male,235.247.100.166
147,Brady,Gaisford,bgaisford42@cbsnews.com,Male,225.41.178.205
148,Ad,Windybank,awindybank43@yolasite.com,Bigender,235.56.10.40
149,Stanford,Pateman,spateman44@barnesandnoble.com,Male,56.161.193.185
150,Sibby,Danilchenko,sdanilchenko45@wsj.com,Female,212.209.132.178
151,Bondie,D'Agostini,bdagostini46@yale.edu,Male,193.31.171.7
152,Kev,Howerd,khowerd47@shinystat.com,Male,174.240.93.221
153,Charlie,Eastcott,ceastcott48@sfgate.com,Male,12.228.24.153
154,Alica,Girk,agirk49@tiny.cc,Female,183.235.154.51
155,Wendeline,Livingstone,wlivingstone4a@freewebs.com,Female,63.103.69.133
156,Keenan,Duckwith,kduckwith4b@oaic.gov.au,Male,117.41.148.113
157,Morton,Adger,madger4c@shinystat.com,Male,179.129.47.199
158,Rebekkah,Kryszkiecicz,rkryszkiecicz4d@naver.com,Female,43.242.63.46
159,Krishna,Brittle,kbrittle4e@cpanel.net,Male,170.12.12.47
160,Sebastien,Sivil,ssivil4f@nih.gov,Male,245.71.200.185
161,Kale,Pinel,kpinel4g@icio.us,Male,253.75.38.190
162,Dionisio,Luppitt,dluppitt4h@joomla.org,Male,20.94.50.81
163,Mar,Woller,mwoller4i@gravatar.com,Male,247.40.81.247
164,Tomi,Calderon,tcalderon4j@canalblog.com,Bigender,31.246.173.233
165,Garrott,Bragginton,gbragginton4k@geocities.com,Male,234.136.222.53
166,Frazier,Hardin,fhardin4l@merriam-webster.com,Male,226.71.131.116
167,Brien,Piddick,bpiddick4m@nhs.uk,Male,220.203.9.168
168,Fancy,Crosfield,fcrosfield4n@gmpg.org,Female,193.75.152.117
169,Frazier,Rizzetti,frizzetti4o@oaic.gov.au,Male,235.24.229.29
170,Godfree,Dudin,gdudin4p@ocn.ne.jp,Male,187.215.145.110
171,Winny,Fawthrop,wfawthrop4q@wikimedia.org,Male,148.59.209.126
172,Hodge,Buttriss,hbuttriss4r@hostgator.com,Male,3.233.147.67
173,Silvano,Febvre,sfebvre4s@microsoft.com,Male,161.9.250.116
174,Waldo,D'Oyley,wdoyley4t@soundcloud.com,Male,191.14.37.20
175,Elysia,Foley,efoley4u@state.tx.us,Female,42.183.141.109
176,Broddy,Skipp,bskipp4v@networksolutions.com,Male,238.62.142.31
177,Mel,Buxam,mbuxam4w@vinaora.com,Male,7.126.107.122
178,Munmro,Kiely,mkiely4x@apache.org,Male,147.242.185.189
179,Riannon,Forre,rforre4y@youtu.be,Non-binary,15.177.175.184
180,Amata,Citrine,acitrine4z@nytimes.com,Female,160.163.91.35
181,Barny,Gioan,bgioan50@youtu.be,Male,48.199.128.142
182,Del,Vanyushin,dvanyushin51@macromedia.com,Male,155.245.40.57
183,Brook,Gercken,bgercken52@ow.ly,Male,101.1.171.214
184,Lilian,Wrinch,lwrinch53@bigcartel.com,Female,116.46.185.32
185,Marcie,Rubinsky,mrubinsky54@spotify.com,Female,91.131.133.177
186,Moe,Pounds,mpounds55@hubpages.com,Male,201.245.213.0
187,Cristen,O'Scanlan,coscanlan56@ebay.com,Female,207.37.246.5
188,Barbara-anne,Bonn,bbonn57@photobucket.com,Female,104.181.110.92
189,Cull,Quantick,cquantick58@shinystat.com,Male,26.57.92.39
190,Bentlee,Schleswig-Holstein,bschleswigholstein59@noaa.gov,Male,152.97.178.22
191,Meriel,Meenan,mmeenan5a@eepurl.com,Female,226.48.115.0
192,Maisie,Yitzovicz,myitzovicz5b@timesonline.co.uk,Female,138.7.184.61
193,Jeniece,Heinreich,jheinreich5c@instagram.com,Female,16.141.85.101
194,Deb,Kinmond,dkinmond5d@simplemachines.org,Agender,68.243.21.94
195,Nada,Beiderbeck,nbeiderbeck5e@cyberchimps.com,Female,198.252.74.70
196,Laverna,Blazej,lblazej5f@mac.com,Female,167.9.162.0
197,Corinna,Mordy,cmordy5g@dedecms.com,Female,143.66.203.234
198,Maje,McCourt,mmccourt5h@spiegel.de,Male,233.197.28.245
199,Monty,Tommei,mtommei5i@google.cn,Male,142.229.252.198
200,Knox,Alpin,kalpin5j@gnu.org,Male,87.246.174.19
201,Brooks,MacAllen,bmacallen5k@ed.gov,Male,142.112.140.130
202,Maribelle,Walls,mwalls5l@trellian.com,Female,203.2.240.200
203,Colman,Adriani,cadriani5m@columbia.edu,Male,97.142.214.68
204,Bob,Bloore,bbloore5n@cisco.com,Male,11.65.135.234
205,Roxy,Orhtmann,rorhtmann5o@canalblog.com,Bigender,104.21.248.75
206,Marietta,Stokey,mstokey5p@go.com,Male,47.177.150.144
207,Aeriela,Grioli,agrioli5q@mysql.com,Female,13.173.243.50
208,Nikoletta,Meco,nmeco5r@eepurl.com,Female,117.133.228.117
209,Calv,Ethridge,cethridge5s@columbia.edu,Male,79.58.228.109
210,Matilde,Glasscoe,mglasscoe5t@imgur.com,Female,18.88.209.64
211,Brittni,Brewitt,bbrewitt5u@washington.edu,Bigender,102.145.228.166
212,Shelagh,Rubra,srubra5v@rakuten.co.jp,Female,206.238.204.222
213,Alta,Dady,adady5w@gizmodo.com,Female,226.206.177.134
214,Sydney,Edwinson,sedwinson5x@home.pl,Female,8.239.242.215
215,Georgette,Gresser,ggresser5y@sciencedaily.com,Female,201.56.47.25
216,Ania,Wicklin,awicklin5z@techcrunch.com,Female,43.64.225.106
217,Silvano,Du Fray,sdufray60@dailymail.co.uk,Male,80.129.116.91
218,Jayson,Gettone,jgettone61@yellowpages.com,Male,207.245.158.100
219,Astrix,McCosh,amccosh62@fotki.com,Female,85.183.236.144
220,Skelly,Hounsom,shounsom63@unblog.fr,Male,189.167.74.29
221,Goraud,Coetzee,gcoetzee64@imdb.com,Male,219.218.111.205
222,Kamila,Messer,kmesser65@godaddy.com,Female,49.88.217.203
223,Ginnie,Nekrews,gnekrews66@hostgator.com,Agender,251.165.224.200
224,Bryna,Kensington,bkensington67@kickstarter.com,Polygender,153.245.119.86
225,Paxon,Mulrenan,pmulrenan68@4shared.com,Male,16.192.205.67
226,Quillan,Cosbey,qcosbey69@domainmarket.com,Male,185.66.79.238
227,Bastian,McLemon,bmclemon6a@msu.edu,Male,145.95.123.230
228,Teressa,Kilian,tkilian6b@bandcamp.com,Female,64.212.84.222
229,Benjamin,Jozaitis,bjozaitis6c@zdnet.com,Male,225.42.75.47
230,Ginger,Matthaus,gmatthaus6d@wikispaces.com,Female,219.231.43.232
231,Abagail,Walbridge,awalbridge6e@marketwatch.com,Female,232.230.122.213
232,Jamie,Sharville,jsharville6f@reddit.com,Male,242.43.222.36
233,Audi,Pedgrift,apedgrift6g@networksolutions.com,Female,21.158.32.144
234,Feodor,Giamo,fgiamo6h@mashable.com,Male,251.53.64.8
235,Belinda,Pelcheur,bpelcheur6i@mysql.com,Female,254.128.27.208
236,Theressa,Reckless,treckless6j@ed.gov,Female,187.167.82.26
237,Winn,Tedstone,wtedstone6k@webeden.co.uk,Male,37.22.24.97
238,Flin,Radoux,fradoux6l@nydailynews.com,Male,86.186.85.143
239,Chloette,Stowte,cstowte6m@nytimes.com,Female,210.152.48.94
240,Kally,Gladdifh,kgladdifh6n@istockphoto.com,Polygender,132.255.12.228
241,Sawyer,Moyne,smoyne6o@instagram.com,Male,177.50.23.246
242,Ethelind,Catteroll,ecatteroll6p@bluehost.com,Genderfluid,131.177.43.176
243,Rowney,Foley,rfoley6q@comcast.net,Agender,193.230.200.72
244,Darcee,Chiverton,dchiverton6r@twitter.com,Female,164.212.87.99
245,Anna,Giacopelo,agiacopelo6s@tmall.com,Female,150.67.198.86
246,Joane,Biskup,jbiskup6t@geocities.jp,Female,123.79.1.32
247,Alva,Tute,atute6u@photobucket.com,Male,171.41.218.217
248,Haroun,Biskupek,hbiskupek6v@bloomberg.com,Male,53.236.12.203
249,Quinton,Bourne,qbourne6w@sitemeter.com,Male,245.81.217.61
250,Faunie,Batter,fbatter6x@irs.gov,Female,48.9.40.165
251,Calla,Gait,cgait6y@army.mil,Female,211.22.115.228
252,Jude,Lezemore,jlezemore6z@gmpg.org,Male,204.182.160.30
253,Katuscha,Gouldstone,kgouldstone70@nytimes.com,Female,205.91.189.161
254,Fidole,O' Flaherty,foflaherty71@lycos.com,Polygender,152.96.84.92
255,Pooh,Jorden,pjorden72@mlb.com,Female,225.121.100.161
256,Dannie,Pernell,dpernell73@sohu.com,Female,44.37.244.180
257,Rance,Sandyford,rsandyford74@google.co.uk,Genderfluid,220.83.98.199
258,Montgomery,Yakebovitch,myakebovitch75@va.gov,Male,149.72.113.56
259,Thatcher,Napier,tnapier76@51.la,Male,239.51.13.149
260,Jordon,Kemmons,jkemmons77@mozilla.com,Male,62.115.200.40
261,Marthe,Ramet,mramet78@uol.com.br,Female,175.153.68.136
262,Conny,Attoe,cattoe79@spotify.com,Female,210.34.194.108
263,Zebulen,Ilyinykh,zilyinykh7a@360.cn,Male,194.214.140.179
264,Mercie,Lottrington,mlottrington7b@amazonaws.com,Female,30.32.232.187
265,Lanna,Cornford,lcornford7c@illinois.edu,Genderfluid,164.218.43.241
266,Ade,Kenryd,akenryd7d@t-online.de,Male,218.23.206.72
267,Elia,Elderfield,eelderfield7e@fastcompany.com,Male,232.72.136.176
268,Donny,Delmage,ddelmage7f@angelfire.com,Female,78.152.16.114
269,Caroljean,Plitz,cplitz7g@usnews.com,Female,237.2.35.230
270,Brunhilde,Hanhart,bhanhart7h@cyberchimps.com,Genderfluid,248.181.205.227
271,Laurie,Fernie,lfernie7i@hp.com,Female,223.175.147.121
272,Dorey,Schroeder,dschroeder7j@sciencedirect.com,Male,85.197.15.90
273,Thorvald,Laban,tlaban7k@tuttocitta.it,Male,178.54.154.75
274,Janela,Chandlar,jchandlar7l@abc.net.au,Female,126.0.11.137
275,Kennett,Trevallion,ktrevallion7m@lycos.com,Male,108.171.145.181
276,Sonni,Dunsleve,sdunsleve7n@flickr.com,Agender,95.133.169.75
277,Sally,Eam,seam7o@uol.com.br,Female,186.38.93.229
278,Missie,Reucastle,mreucastle7p@nyu.edu,Female,150.26.132.175
279,Bennie,Clogg,bclogg7q@odnoklassniki.ru,Polygender,22.229.29.83
280,Cora,Zappel,czappel7r@arstechnica.com,Female,213.80.12.86
281,Ericha,Haney,ehaney7s@ovh.net,Female,161.20.238.59
282,Kizzee,Leonards,kleonards7t@washington.edu,Female,129.100.181.51
283,Coralyn,MacFadzean,cmacfadzean7u@sciencedaily.com,Bigender,43.77.58.61
284,Lilly,Merington,lmerington7v@lulu.com,Female,133.204.65.159
285,Helyn,Babinski,hbabinski7w@nytimes.com,Female,21.124.118.202
286,Ardella,McClelland,amcclelland7x@ebay.com,Female,36.152.209.107
287,Danny,Vasser,dvasser7y@arizona.edu,Female,201.127.125.72
288,Curry,Losseljong,closseljong7z@mail.ru,Male,135.179.101.244
289,Greg,Skowcraft,gskowcraft80@webs.com,Male,205.135.162.162
290,Bat,Connett,bconnett81@spotify.com,Male,90.210.195.37
291,Johnna,Vasilevich,jvasilevich82@jimdo.com,Female,186.40.189.0
292,Constantine,Cords,ccords83@ning.com,Female,163.78.14.169
293,Monte,Boobyer,mboobyer84@domainmarket.com,Male,204.35.118.138
294,Brook,Silby,bsilby85@hc360.com,Male,57.41.66.183
295,Herold,Burchett,hburchett86@patch.com,Non-binary,178.29.224.35
296,Harriett,Farnall,hfarnall87@amazonaws.com,Female,28.3.138.208
297,Valenka,Jeyness,vjeyness88@addthis.com,Female,112.221.41.212
298,Roxane,Yukhnov,ryukhnov89@goo.ne.jp,Female,51.60.61.71
299,Bat,Warmington,bwarmington8a@umich.edu,Male,197.158.193.230
300,Ora,Lacroix,olacroix8b@chronoengine.com,Female,108.220.72.47
301,Mia,McCathie,mmccathie8c@slashdot.org,Female,56.133.166.8
302,Thorny,Duferie,tduferie8d@live.com,Male,76.207.249.118
303,Nikaniki,Kitchiner,nkitchiner8e@scribd.com,Female,118.169.163.81
304,Matelda,Hodges,mhodges8f@free.fr,Female,45.53.188.13
305,Delcina,Clemoes,dclemoes8g@bizjournals.com,Female,169.63.53.105
306,Elsi,Worlidge,eworlidge8h@livejournal.com,Female,216.165.72.65
307,Vince,Earry,vearry8i@samsung.com,Male,122.128.44.66
308,Glynnis,Templeman,gtempleman8j@ebay.co.uk,Female,159.4.112.126
309,Juline,Featherstone,jfeatherstone8k@macromedia.com,Female,123.75.50.128
310,Earle,Thornley,ethornley8l@cloudflare.com,Male,103.226.55.238
311,Claiborne,Prinnett,cprinnett8m@wikia.com,Male,111.201.4.77
312,Becca,Petrello,bpetrello8n@yellowbook.com,Female,74.126.99.155
313,Cyrus,Larchier,clarchier8o@people.com.cn,Male,238.48.69.193
314,Odella,Duffy,oduffy8p@stanford.edu,Female,61.8.161.84
315,Jim,Killcross,jkillcross8q@1und1.de,Male,115.88.247.33
316,Richard,Gillham,rgillham8r@dailymail.co.uk,Male,118.165.94.240
317,Karena,Falkous,kfalkous8s@hao123.com,Female,81.167.112.210
318,Hi,Chomiszewski,hchomiszewski8t@mac.com,Male,110.194.17.153
319,Quinta,Dreye,qdreye8u@nymag.com,Female,28.142.184.153
320,Renee,Saiens,rsaiens8v@harvard.edu,Female,57.181.113.72
321,Bing,Proby,bproby8w@so-net.ne.jp,Male,1.234.29.250
322,Merrie,Pittford,mpittford8x@virginia.edu,Female,154.231.112.255
323,Marsha,Mercy,mmercy8y@hibu.com,Female,109.55.30.196
324,Susette,Swaton,sswaton8z@nsw.gov.au,Female,70.173.66.251
325,Harlen,O'Driscoll,hodriscoll90@about.me,Male,90.149.155.191
326,Rosabella,Najera,rnajera91@whitehouse.gov,Genderqueer,184.59.204.73
327,Rosalinda,Wildin,rwildin92@freewebs.com,Genderqueer,9.79.80.152
328,Glyn,Pratley,gpratley93@barnesandnoble.com,Female,246.27.27.108
329,Morna,Withrington,mwithrington94@engadget.com,Female,252.21.210.247
330,Berky,Francecione,bfrancecione95@mozilla.org,Male,50.55.223.208
331,Ash,Espinet,aespinet96@hexun.com,Male,5.180.44.2
332,Austine,Karchewski,akarchewski97@umich.edu,Female,26.2.221.198
333,Pen,Labeuil,plabeuil98@digg.com,Female,111.100.220.150
334,Adamo,Gheeraert,agheeraert99@symantec.com,Male,55.194.90.34
335,Phillie,Cookson,pcookson9a@gov.uk,Genderfluid,241.249.110.168
336,Amby,Rainon,arainon9b@dot.gov,Male,48.42.187.151
337,Electra,MacBrearty,emacbrearty9c@smugmug.com,Female,185.91.17.26
338,Alana,Cordes,acordes9d@scribd.com,Female,146.67.36.32
339,Fabe,Brownlea,fbrownlea9e@jimdo.com,Male,88.228.30.200
340,Kennett,Larraway,klarraway9f@netvibes.com,Male,238.112.98.82
341,Clarance,Keddle,ckeddle9g@weebly.com,Non-binary,179.0.97.221
342,Chad,Hardi,chardi9h@ftc.gov,Male,100.247.254.172
343,Antonia,Scogings,ascogings9i@gov.uk,Female,251.18.3.194
344,Emlen,Disbury,edisbury9j@bigcartel.com,Male,196.89.241.192
345,Tremain,Britto,tbritto9k@wp.com,Male,7.113.240.89
346,Carly,Pellant,cpellant9l@deviantart.com,Female,197.56.144.180
347,Lorrayne,Downie,ldownie9m@icio.us,Female,96.3.67.224
348,Pren,Corona,pcorona9n@nature.com,Male,159.130.32.97
349,Rahel,Blakeney,rblakeney9o@earthlink.net,Female,144.155.149.196
350,Peri,Trousdell,ptrousdell9p@mit.edu,Female,170.182.210.193
351,Bridgette,Ridolfi,bridolfi9q@oaic.gov.au,Female,41.190.123.91
352,Hervey,Rudland,hrudland9r@istockphoto.com,Male,254.103.212.163
353,Adda,Leil,aleil9s@360.cn,Female,227.115.220.12
354,Say,Hruska,shruska9t@yolasite.com,Male,144.145.202.190
355,Bert,Cullingworth,bcullingworth9u@nps.gov,Female,238.229.47.90
356,Hector,Littlemore,hlittlemore9v@foxnews.com,Male,56.236.234.3
357,Caspar,Dandison,cdandison9w@qq.com,Male,8.165.230.82
358,Cynthia,Tick,ctick9x@goo.gl,Female,112.56.202.11
359,Joel,McKerton,jmckerton9y@ucsd.edu,Male,27.153.64.186
360,Jany,Rosewarne,jrosewarne9z@samsung.com,Female,215.34.89.98
361,Barrie,Bailess,bbailessa0@spiegel.de,Male,115.34.152.11
362,Cale,Raddenbury,craddenburya1@google.ca,Male,232.119.249.22
363,Gerhardine,Carslaw,gcarslawa2@so-net.ne.jp,Female,127.69.7.58
364,Nevsa,Castelot,ncastelota3@prnewswire.com,Female,99.82.247.142
365,Ollie,Bleue,obleuea4@nasa.gov,Female,247.193.232.101
366,Chen,Spacy,cspacya5@cisco.com,Male,42.22.149.134
367,Carolin,MacLure,cmaclurea6@tripadvisor.com,Female,189.3.252.224
368,Alonso,Fiddyment,afiddymenta7@bbc.co.uk,Male,36.117.141.244
369,Irvin,Dumbelton,idumbeltona8@opensource.org,Male,122.58.88.195
370,Conn,Hale,chalea9@amazonaws.com,Male,6.69.26.170
371,Colby,Huws,chuwsaa@who.int,Male,59.156.101.218
372,Leontine,Yuryshev,lyuryshevab@redcross.org,Female,173.230.106.53
373,Nelli,Clemanceau,nclemanceauac@cargocollective.com,Female,138.64.140.206
374,Vivia,Plaxton,vplaxtonad@phoca.cz,Female,252.251.170.185
375,Hermina,Lowe,hloweae@sina.com.cn,Female,226.230.49.78
376,Mozes,Macallam,mmacallamaf@vinaora.com,Male,61.94.185.165
377,Hanan,Calltone,hcalltoneag@dailymail.co.uk,Male,98.20.75.1
378,Randal,Bellward,rbellwardah@businessweek.com,Male,215.189.208.40
379,Nolie,McKenna,nmckennaai@jiathis.com,Non-binary,88.75.208.220
380,Ruggiero,Dohr,rdohraj@wsj.com,Male,87.209.11.165
381,Raphaela,Gammett,rgammettak@irs.gov,Female,174.51.223.29
382,Peyter,Dreelan,pdreelanal@histats.com,Male,32.124.226.160
383,Florie,Sprey,fspreyam@phpbb.com,Female,21.84.137.224
384,Cherye,De Ruel,cderuelan@bandcamp.com,Female,35.207.239.187
385,Gilbert,Eatock,geatockao@who.int,Male,30.128.70.117
386,Craig,Bavin,cbavinap@webeden.co.uk,Male,251.0.53.147
387,Patsy,Falk,pfalkaq@howstuffworks.com,Female,139.42.61.91
388,Vincents,Swanton,vswantonar@joomla.org,Male,249.196.137.18
389,Babb,MacCrackan,bmaccrackanas@booking.com,Female,59.155.242.29
390,Jason,Robison,jrobisonat@ibm.com,Male,73.100.137.34
391,Gordy,Cookman,gcookmanau@indiatimes.com,Male,117.181.36.39
392,Michaeline,Weildish,mweildishav@posterous.com,Female,188.147.194.248
393,Annissa,Summerson,asummersonaw@imgur.com,Female,187.120.123.190
394,Brannon,Gauford,bgaufordax@jugem.jp,Agender,230.243.190.118
395,Alden,Bidgood,abidgooday@t-online.de,Male,114.23.129.179
396,Vanessa,Heaslip,vheaslipaz@google.co.jp,Female,145.160.160.205
397,Jamill,Soda,jsodab0@ft.com,Male,191.181.140.174
398,Lissa,Milliere,lmilliereb1@tmall.com,Female,136.177.146.37
399,Kara,Whyman,kwhymanb2@ft.com,Female,16.255.209.170
400,Marielle,Lantry,mlantryb3@networkadvertising.org,Female,214.133.7.22
401,Heddie,Ridoutt,hridouttb4@facebook.com,Female,229.208.24.133
402,Joseph,Pendred,jpendredb5@unc.edu,Male,54.70.187.117
403,Humbert,Lackey,hlackeyb6@imdb.com,Non-binary,145.147.55.96
404,Chantal,Harrap,charrapb7@cyberchimps.com,Female,152.174.103.129
405,Isa,Caveill,icaveillb8@tuttocitta.it,Male,168.252.69.81
406,Theresita,Marlowe,tmarloweb9@phpbb.com,Female,131.35.89.211
407,Lynde,Kimberly,lkimberlyba@virginia.edu,Female,132.11.82.62
408,Rhoda,Bugby,rbugbybb@xing.com,Female,163.23.254.1
409,Kiersten,Ruslinge,kruslingebc@youtu.be,Female,112.104.103.244
410,Kaela,Wythill,kwythillbd@mtv.com,Female,27.122.114.210
411,Stanton,McKeller,smckellerbe@youku.com,Male,196.192.47.170
412,Lewie,Klaassens,lklaassensbf@japanpost.jp,Male,43.230.110.199
413,Eldon,Perschke,eperschkebg@sina.com.cn,Male,220.66.54.254
414,Maritsa,Shackelton,mshackeltonbh@tinyurl.com,Female,95.81.45.50
415,Ashley,Oosthout de Vree,aoosthoutdevreebi@xrea.com,Female,99.110.223.228
416,Hughie,Olphert,holphertbj@simplemachines.org,Male,205.87.32.240
417,Farrel,Dobrowolny,fdobrowolnybk@goodreads.com,Male,197.79.187.189
418,Cobbie,Ansty,canstybl@aol.com,Male,36.78.216.113
419,Carolina,Allbones,callbonesbm@wix.com,Female,66.52.92.118
420,Cammy,Cawson,ccawsonbn@usda.gov,Female,87.40.88.193
421,Munmro,Kruger,mkrugerbo@infoseek.co.jp,Male,32.98.164.176
422,Fanni,Maffucci,fmaffuccibp@youku.com,Female,231.225.82.170
423,Filip,Ambrodi,fambrodibq@ameblo.jp,Agender,88.91.131.131
424,Millisent,Ogg,moggbr@yolasite.com,Female,188.105.53.225
425,Leoline,Mathan,lmathanbs@printfriendly.com,Female,71.203.251.209
426,Emiline,Blaszczynski,eblaszczynskibt@zdnet.com,Female,119.47.90.18
427,Leonora,Hanselmann,lhanselmannbu@merriam-webster.com,Female,11.143.222.33
428,Loralyn,Rodenburgh,lrodenburghbv@stanford.edu,Female,209.26.91.238
429,Westley,Fippe,wfippebw@oracle.com,Non-binary,156.51.231.183
430,Gawen,Darwin,gdarwinbx@alibaba.com,Polygender,45.242.96.120
431,Nowell,Boote,nbooteby@unblog.fr,Male,90.57.167.96
432,Byron,Sellstrom,bsellstrombz@answers.com,Male,122.16.230.77
433,Pancho,Treend,ptreendc0@nymag.com,Male,5.96.130.235
434,Jenna,Bienvenu,jbienvenuc1@skype.com,Female,0.136.210.146
435,Dermot,Marryatt,dmarryattc2@businesswire.com,Male,65.141.140.219
436,Sharyl,Futcher,sfutcherc3@smh.com.au,Female,235.88.205.6
437,Doll,Caley,dcaleyc4@berkeley.edu,Female,10.49.12.24
438,Korie,Breffitt,kbreffittc5@cpanel.net,Female,18.174.19.44
439,Merrie,Rebanks,mrebanksc6@networksolutions.com,Female,42.207.90.31
440,Broderic,Casale,bcasalec7@weebly.com,Agender,80.11.174.248
441,Sabrina,Narrie,snarriec8@va.gov,Female,199.19.116.128
442,Morgen,Pollastrino,mpollastrinoc9@imgur.com,Male,158.10.242.8
443,Siouxie,Camolli,scamollica@bbb.org,Female,160.71.160.36
444,Putnam,Trent,ptrentcb@ftc.gov,Male,159.41.163.232
445,Benton,Cashell,bcashellcc@flavors.me,Male,247.174.42.103
446,Keen,Georgius,kgeorgiuscd@bloomberg.com,Male,35.172.193.155
447,Damon,Ireson,diresonce@cargocollective.com,Male,73.118.88.89
448,Betsy,Spires,bspirescf@geocities.jp,Female,145.164.60.123
449,Courtney,Ezzle,cezzlecg@columbia.edu,Male,208.198.247.76
450,Maryanna,Samwaye,msamwayech@unc.edu,Female,10.17.28.128
451,Hilario,Bowle,hbowleci@fc2.com,Male,243.130.39.113
452,Kassie,Wincom,kwincomcj@netvibes.com,Female,93.46.147.209
453,Jermayne,Cicutto,jcicuttock@usgs.gov,Male,131.64.45.45
454,Klarika,Dicey,kdiceycl@tiny.cc,Female,17.168.112.235
455,Joy,Artist,jartistcm@thetimes.co.uk,Female,185.2.46.129
456,Frederico,Manicomb,fmanicombcn@mapy.cz,Male,114.127.12.182
457,Albert,Yole,ayoleco@sciencedaily.com,Male,167.240.254.222
458,Boonie,Willets,bwilletscp@posterous.com,Genderqueer,219.41.134.212
459,Alexei,McCarney,amccarneycq@bloomberg.com,Agender,25.16.100.0
460,Miof mela,Shedd,msheddcr@mit.edu,Agender,225.232.94.118
461,Nowell,Griffey,ngriffeycs@disqus.com,Male,46.17.73.173
462,Gwenora,Monketon,gmonketonct@artisteer.com,Genderqueer,142.96.127.28
463,Horacio,Habbert,hhabbertcu@ifeng.com,Male,98.117.27.12
464,Jasmin,Penbarthy,jpenbarthycv@marketwatch.com,Female,206.72.78.227
465,Tamas,Dugdale,tdugdalecw@scribd.com,Male,132.163.203.194
466,Dov,Abramovitch,dabramovitchcx@theatlantic.com,Non-binary,1.135.134.25
467,Sigismond,Aleshkov,saleshkovcy@istockphoto.com,Male,107.152.16.193
468,Bertram,Talkington,btalkingtoncz@cornell.edu,Non-binary,29.66.7.103
469,Nannie,Worshall,nworshalld0@vkontakte.ru,Female,77.142.87.6
470,Mabelle,Kingzett,mkingzettd1@lulu.com,Female,31.235.147.222
471,Foster,Puckinghorne,fpuckinghorned2@ucsd.edu,Male,37.221.230.87
472,Marco,Dumberrill,mdumberrilld3@businesswire.com,Male,175.185.60.96
473,Carmencita,Debenham,cdebenhamd4@1und1.de,Female,142.228.78.95
474,Marney,Challiss,mchallissd5@ucoz.ru,Bigender,122.218.23.82
475,Gabie,Alessandretti,galessandrettid6@wix.com,Male,167.68.190.211
476,Joelynn,McPhee,jmcpheed7@va.gov,Female,35.149.124.72
477,Heinrik,Benny,hbennyd8@bigcartel.com,Male,51.108.254.254
478,Conrado,Yeeles,cyeelesd9@dmoz.org,Polygender,62.163.109.155
479,Stepha,Doonican,sdoonicanda@fotki.com,Female,65.210.30.219
480,Ulrike,Earwicker,uearwickerdb@simplemachines.org,Female,4.136.112.106
481,Elinor,Masdin,emasdindc@soundcloud.com,Female,250.167.47.146
482,Yurik,Cadman,ycadmandd@unc.edu,Male,33.132.150.236
483,Orville,Reboul,oreboulde@illinois.edu,Male,45.108.152.109
484,Benedikta,Giamitti,bgiamittidf@infoseek.co.jp,Female,100.187.46.39
485,Biddie,Bergin,bbergindg@free.fr,Female,11.109.88.62
486,Anestassia,Minnis,aminnisdh@networksolutions.com,Female,199.41.190.207
487,Hernando,Greatrakes,hgreatrakesdi@mediafire.com,Male,77.0.90.16
488,Dorothea,Sellick,dsellickdj@storify.com,Female,71.5.144.57
489,Eustace,Skedgell,eskedgelldk@prweb.com,Male,24.228.242.131
490,Bil,Ivanchikov,bivanchikovdl@surveymonkey.com,Male,240.147.88.129
491,Bernardina,Klessmann,bklessmanndm@51.la,Female,111.49.75.1
492,L;urette,Wadworth,lwadworthdn@nydailynews.com,Female,196.185.32.79
493,Guenna,Greydon,ggreydondo@blog.com,Female,107.7.58.18
494,Jsandye,Girke,jgirkedp@wikimedia.org,Female,127.62.105.44
495,Richmound,Rountree,rrountreedq@hexun.com,Male,162.149.72.68
496,Alejandrina,Matieu,amatieudr@mac.com,Female,131.149.28.31
497,Wash,Nan Carrow,wnancarrowds@behance.net,Male,51.137.188.186
498,Kit,Banthorpe,kbanthorpedt@utexas.edu,Agender,74.94.88.71
499,Gorden,Harding,ghardingdu@parallels.com,Male,240.104.38.184
500,Teresita,Ropkes,tropkesdv@cnet.com,Female,20.146.209.131
501,James,Crilley,jcrilleydw@virginia.edu,Male,80.134.208.64
502,Giorgi,Emeline,gemelinedx@newsvine.com,Bigender,190.111.130.38
503,Averell,Rist,aristdy@list-manage.com,Male,175.30.246.161
504,Dalis,Beningfield,dbeningfielddz@ebay.com,Male,184.87.41.65
505,Felipa,Rasp,fraspe0@typepad.com,Female,112.233.182.90
506,Devinne,Whoolehan,dwhoolehane1@wunderground.com,Female,51.47.30.184
507,Gabriello,Kalinke,gkalinkee2@canalblog.com,Male,105.180.144.144
508,Nerita,Lakenden,nlakendene3@infoseek.co.jp,Female,179.246.233.47
509,Leonid,Gladdin,lgladdine4@newyorker.com,Genderfluid,165.143.44.170
510,Netti,Hanscom,nhanscome5@mail.ru,Bigender,142.127.132.132
511,Michel,Ikin,mikine6@constantcontact.com,Female,159.179.234.1
512,Devina,Tumielli,dtumiellie7@japanpost.jp,Female,155.106.53.5
513,Julio,Blest,jbleste8@merriam-webster.com,Male,207.20.68.211
514,Jessee,Sanchiz,jsanchize9@lycos.com,Male,14.57.18.38
515,Babette,Tyre,btyreea@eventbrite.com,Agender,247.32.237.95
516,Orella,Daffey,odaffeyeb@fda.gov,Female,137.249.180.171
517,Deanne,Flaxman,dflaxmanec@ibm.com,Female,225.126.123.203
518,Adriana,Edgeon,aedgeoned@creativecommons.org,Female,13.230.101.204
519,Fonz,Mould,fmouldee@google.com.br,Male,145.50.71.159
520,Tyne,Devennie,tdevennieef@craigslist.org,Female,212.205.196.124
521,Doralia,MacColgan,dmaccolganeg@globo.com,Female,114.129.10.241
522,Ariel,Zanioletti,azaniolettieh@4shared.com,Female,24.7.38.143
523,Shirlene,Bann,sbannei@webnode.com,Female,243.44.146.0
524,Evelina,Tiery,etieryej@netvibes.com,Female,142.21.170.169
525,Gabe,Bortolussi,gbortolussiek@geocities.jp,Polygender,11.216.84.81
526,Alvera,Tuting,atutingel@etsy.com,Female,168.45.47.51
527,Austina,Bloxam,abloxamem@google.de,Female,226.53.75.61
528,Philomena,Fevers,pfeversen@drupal.org,Non-binary,120.182.129.117
529,Lockwood,Bernardini,lbernardinieo@techcrunch.com,Male,248.228.118.9
530,Corty,Meiklam,cmeiklamep@dropbox.com,Male,57.199.230.239
531,Valene,Burgwin,vburgwineq@discovery.com,Female,213.66.131.4
532,Elsey,Serchwell,eserchweller@forbes.com,Female,217.18.213.199
533,Solly,Maas,smaases@bigcartel.com,Male,162.21.208.132
534,Gilligan,Malthus,gmalthuset@networkadvertising.org,Female,137.86.220.156
535,Ferdinande,Spellesy,fspellesyeu@europa.eu,Non-binary,197.223.191.197
536,Farris,Aughton,faughtonev@imdb.com,Male,122.95.14.148
537,Flossy,Kohrs,fkohrsew@dailymail.co.uk,Female,135.166.148.73
538,Jerome,McCarrick,jmccarrickex@ucoz.ru,Male,248.119.97.108
539,Garik,Hanway,ghanwayey@time.com,Male,112.235.5.113
540,Gaspar,Huddleston,ghuddlestonez@ustream.tv,Male,114.67.204.4
541,Paulina,McKernan,pmckernanf0@printfriendly.com,Female,79.12.53.133
542,Brandais,Moger,bmogerf1@vkontakte.ru,Female,6.241.72.27
543,Leroi,Broadbere,lbroadberef2@nhs.uk,Genderfluid,244.124.76.237
544,Hertha,MacKeig,hmackeigf3@people.com.cn,Female,232.215.218.110
545,Audrye,Labbati,alabbatif4@deviantart.com,Female,127.110.172.81
546,Christyna,Coope,ccoopef5@spiegel.de,Female,55.240.6.74
547,Dwain,Vittore,dvittoref6@xrea.com,Male,74.112.63.169
548,Dom,Nizard,dnizardf7@whitehouse.gov,Male,234.45.218.160
549,Emili,Whitley,ewhitleyf8@mac.com,Female,38.109.246.248
550,Ned,Ribeiro,nribeirof9@goodreads.com,Male,174.209.16.232
551,Conny,Sellek,csellekfa@hp.com,Male,77.67.185.14
552,Nola,Syplus,nsyplusfb@hibu.com,Female,140.235.239.190
553,Brianna,Brandel,bbrandelfc@twitpic.com,Female,246.77.168.95
554,Orlando,Upwood,oupwoodfd@fastcompany.com,Male,205.159.94.24
555,Ange,Oakenfield,aoakenfieldfe@toplist.cz,Male,180.75.98.31
556,Khalil,Toye,ktoyeff@usnews.com,Male,8.46.225.218
557,Ev,Mathwen,emathwenfg@toplist.cz,Male,56.51.46.49
558,Camellia,Parkins,cparkinsfh@illinois.edu,Female,165.165.136.208
559,Prent,Boniface,pbonifacefi@wikia.com,Male,94.46.149.238
560,Woodie,Bracci,wbraccifj@yolasite.com,Male,128.164.87.253
561,Syman,Wem,swemfk@goodreads.com,Male,93.8.235.218
562,Gaby,MacDermand,gmacdermandfl@hexun.com,Female,161.96.49.88
563,Bo,Rodolf,brodolffm@google.cn,Male,180.132.178.91
564,Kim,Cartlidge,kcartlidgefn@dropbox.com,Male,179.6.213.79
565,Daryn,MacFadzan,dmacfadzanfo@blinklist.com,Female,150.70.34.190
566,Renell,Gavigan,rgaviganfp@engadget.com,Non-binary,238.51.55.249
567,Noreen,Dowsey,ndowseyfq@hc360.com,Female,120.137.11.223
568,Vivianne,Burdass,vburdassfr@google.com.hk,Female,55.139.110.74
569,Binnie,Burrill,bburrillfs@fotki.com,Female,129.74.112.201
570,Augustin,Van den Bosch,avandenboschft@nymag.com,Male,129.131.21.193
571,Ab,Elrick,aelrickfu@51.la,Male,191.244.123.199
572,Elga,Featherston,efeatherstonfv@ow.ly,Female,13.3.198.241
573,Rosemonde,Bartkiewicz,rbartkiewiczfw@pen.io,Female,142.129.229.254
574,Edd,Dreelan,edreelanfx@noaa.gov,Male,180.9.223.183
575,Mady,Dutnell,mdutnellfy@sina.com.cn,Female,35.41.91.236
576,Peggi,Esom,pesomfz@spotify.com,Female,173.108.65.113
577,Harbert,Goering,hgoeringg0@infoseek.co.jp,Male,53.79.94.40
578,Aloysia,Symon,asymong1@phoca.cz,Female,136.61.57.102
579,Gardy,Coslett,gcoslettg2@hubpages.com,Male,254.72.89.84
580,Gabriele,Goulder,ggoulderg3@youtu.be,Male,19.56.59.28
581,Darleen,Diben,ddibeng4@purevolume.com,Female,164.196.58.245
582,Adriane,Keates,akeatesg5@boston.com,Female,31.242.149.195
583,Oona,Collet,ocolletg6@loc.gov,Female,198.77.93.233
584,Linn,Glavis,lglavisg7@blog.com,Female,192.213.177.93
585,Lauri,Wilbor,lwilborg8@angelfire.com,Female,97.243.20.235
586,Woodie,Shefton,wsheftong9@google.co.uk,Male,244.132.76.126
587,Jesse,Yoseloff,jyoseloffga@smugmug.com,Male,0.163.31.72
588,Dulcy,Tesh,dteshgb@nature.com,Female,99.112.64.76
589,Molli,Scothron,mscothrongc@forbes.com,Polygender,94.19.231.244
590,Freeman,Grummitt,fgrummittgd@chron.com,Male,200.239.239.230
591,Jocelyn,Chapell,jchapellge@deviantart.com,Female,30.228.42.89
592,Delmer,Merrgen,dmerrgengf@forbes.com,Male,5.24.10.130
593,Merridie,Melly,mmellygg@photobucket.com,Female,114.203.65.117
594,Louisa,Titt,ltittgh@un.org,Female,13.33.166.229
595,Witty,Orthmann,worthmanngi@blog.com,Male,123.18.138.137
596,Gabriell,Vanshin,gvanshingj@ihg.com,Polygender,132.146.216.201
597,Nicolette,Logsdail,nlogsdailgk@livejournal.com,Female,175.206.210.133
598,Janos,Gotfrey,jgotfreygl@wufoo.com,Male,179.133.198.209
599,Karry,Heather,kheathergm@msn.com,Female,243.248.4.214
600,Kaitlynn,Mannakee,kmannakeegn@nytimes.com,Female,26.95.74.89
601,Rubin,Orrock,rorrockgo@tinyurl.com,Male,93.3.125.73
602,Keriann,Lillie,klilliegp@cam.ac.uk,Female,220.122.208.56
603,Simone,Evered,severedgq@intel.com,Male,172.89.163.211
604,Lorita,L'Hommeau,llhommeaugr@hatena.ne.jp,Female,91.242.66.64
605,Wilden,Normanton,wnormantongs@multiply.com,Male,39.175.58.203
606,Anny,Trethowan,atrethowangt@weather.com,Female,147.113.150.223
607,Ailbert,Stanistrete,astanistretegu@guardian.co.uk,Male,141.140.161.136
608,Ced,Klus,cklusgv@booking.com,Male,205.156.75.131
609,Demetri,Daldry,ddaldrygw@senate.gov,Male,153.67.67.227
610,Rocky,Kindall,rkindallgx@diigo.com,Male,1.103.44.135
611,Lidia,Flag,lflaggy@ucsd.edu,Female,162.19.71.252
612,Rad,Drillot,rdrillotgz@columbia.edu,Male,149.179.202.91
613,Minta,Doerrling,mdoerrlingh0@newyorker.com,Female,196.205.211.76
614,Camel,Crighten,ccrightenh1@123-reg.co.uk,Female,68.71.82.50
615,Onfre,Rowbottam,orowbottamh2@pen.io,Male,139.55.62.50
616,Ninette,Koubek,nkoubekh3@netscape.com,Female,224.115.152.115
617,Kermie,Jickells,kjickellsh4@ox.ac.uk,Male,215.19.208.167
618,Chrystel,Drohan,cdrohanh5@businessweek.com,Female,192.163.199.49
619,Mirilla,Sherburn,msherburnh6@yellowpages.com,Female,146.197.15.191
620,Dun,Kapelhoff,dkapelhoffh7@mysql.com,Male,178.176.251.254
621,Valida,Hovert,vhoverth8@reuters.com,Female,107.121.131.191
622,Mellisa,Houldin,mhouldinh9@cafepress.com,Female,157.4.93.52
623,Lauritz,Treske,ltreskeha@google.com,Male,242.65.219.28
624,Mona,Cantle,mcantlehb@vinaora.com,Female,193.158.108.45
625,Bettye,McClenan,bmcclenanhc@netlog.com,Female,40.55.100.71
626,Ceciley,Southerns,csouthernshd@aboutads.info,Female,252.237.105.103
627,Isadore,Doe,idoehe@virginia.edu,Male,69.50.110.51
628,Ara,Sankey,asankeyhf@aol.com,Male,230.79.226.177
629,Sidney,Valett,svaletthg@163.com,Male,152.195.220.170
630,Bondy,Lortzing,blortzinghh@hibu.com,Male,19.215.7.159
631,Nico,Fassbender,nfassbenderhi@squarespace.com,Male,165.244.119.76
632,Verile,Franzolini,vfranzolinihj@guardian.co.uk,Female,203.129.37.64
633,Chantal,Ryde,crydehk@mozilla.com,Female,2.59.165.219
634,Allayne,Crann,acrannhl@usa.gov,Male,45.51.108.70
635,Kenna,Checci,kcheccihm@simplemachines.org,Female,182.233.21.182
636,Desmund,Galtone,dgaltonehn@g.co,Male,167.74.60.117
637,Garreth,Beaston,gbeastonho@infoseek.co.jp,Male,52.164.82.120
638,Theresa,Biasioli,tbiasiolihp@vk.com,Female,181.179.105.230
639,Constantino,Frisdick,cfrisdickhq@europa.eu,Male,174.218.122.205
640,Ethan,Mattiussi,emattiussihr@ifeng.com,Male,82.130.219.240
641,Benoite,Lefort,bleforths@tamu.edu,Female,76.46.54.99
642,Dorothea,Fylan,dfylanht@reuters.com,Polygender,47.120.204.167
643,Winnie,Izakovitz,wizakovitzhu@nbcnews.com,Female,19.144.140.205
644,Adriana,Blinder,ablinderhv@google.fr,Female,68.146.195.201
645,Allistir,Drewell,adrewellhw@economist.com,Male,159.223.27.152
646,Sholom,Wooffitt,swooffitthx@opera.com,Male,248.71.186.4
647,Ariel,Figures,afigureshy@cmu.edu,Female,211.31.94.9
648,Horatia,Brampton,hbramptonhz@g.co,Female,11.235.255.82
649,Pryce,Bernolet,pbernoleti0@newsvine.com,Male,146.32.196.206
650,Karney,Chateau,kchateaui1@engadget.com,Male,21.189.246.148
651,Stafford,Whellans,swhellansi2@ibm.com,Male,109.75.121.223
652,Lisabeth,Magrane,lmagranei3@deliciousdays.com,Female,123.211.105.157
653,Reade,Shorbrook,rshorbrooki4@go.com,Male,192.116.222.159
654,Marguerite,Rablin,mrablini5@geocities.jp,Female,254.31.168.24
655,Kara,Valentetti,kvalentettii6@spiegel.de,Female,142.59.150.48
656,Banky,Spark,bsparki7@w3.org,Male,225.127.165.132
657,Eugenius,Barabich,ebarabichi8@mozilla.org,Male,198.168.81.7
658,Davidson,Dyer,ddyeri9@odnoklassniki.ru,Male,34.247.151.209
659,Vilma,Dove,vdoveia@about.com,Bigender,9.129.101.229
660,Shanon,Reidshaw,sreidshawib@cdbaby.com,Female,169.111.40.104
661,Odey,Cawthera,ocawtheraic@dropbox.com,Male,185.129.195.136
662,Micky,Queste,mquesteid@mlb.com,Male,106.51.162.158
663,Judd,Owthwaite,jowthwaiteie@mtv.com,Male,147.0.0.79
664,Nealy,Leupold,nleupoldif@vimeo.com,Male,93.215.217.216
665,Melicent,Brehaut,mbrehautig@baidu.com,Female,147.138.29.14
666,Padriac,Ambrogioli,pambrogioliih@wordpress.com,Male,139.138.202.162
667,Darryl,Rycroft,drycroftii@weather.com,Male,28.69.192.27
668,Lenora,McCuthais,lmccuthaisij@chicagotribune.com,Female,165.34.124.242
669,Padraic,Carloni,pcarloniik@apple.com,Bigender,38.50.208.177
670,Adolphus,Khan,akhanil@statcounter.com,Male,82.1.243.227
671,Legra,Herrema,lherremaim@weebly.com,Female,87.231.88.26
672,Josie,Aspinwall,jaspinwallin@google.com.hk,Agender,106.4.153.11
673,Gwen,Eakins,geakinsio@europa.eu,Female,157.88.223.2
674,Cammi,Tungay,ctungayip@time.com,Female,42.27.117.200
675,Sallyanne,Daly,sdalyiq@walmart.com,Female,29.249.89.49
676,Nevile,Coupland,ncouplandir@csmonitor.com,Male,206.1.113.203
677,Ruth,Hamblin,rhamblinis@census.gov,Female,48.95.9.76
678,Ashby,Lauderdale,alauderdaleit@comsenz.com,Male,138.59.17.72
679,Hermie,Keiling,hkeilingiu@pbs.org,Male,181.223.218.70
680,Keene,Kilgour,kkilgouriv@tuttocitta.it,Male,150.200.252.251
681,Burl,Cosin,bcosiniw@youtube.com,Male,210.128.135.179
682,Gates,Billings,gbillingsix@yolasite.com,Female,4.62.195.89
683,Krispin,Reeman,kreemaniy@bluehost.com,Genderfluid,95.148.234.0
684,Shaylah,Hinksen,shinkseniz@themeforest.net,Female,116.241.101.135
685,Cherianne,Jzhakov,cjzhakovj0@bbb.org,Female,184.61.167.201
686,Edward,Absalom,eabsalomj1@digg.com,Male,120.72.17.223
687,Devin,Tweedie,dtweediej2@hexun.com,Female,151.139.23.206
688,Shelley,Leeson,sleesonj3@hao123.com,Female,238.75.149.151
689,Callida,Deniseau,cdeniseauj4@newyorker.com,Female,25.221.163.12
690,Tobe,Gisborne,tgisbornej5@mac.com,Female,186.244.203.77
691,Noah,Martelet,nmarteletj6@google.es,Male,77.195.118.176
692,Janaye,Loseby,jlosebyj7@discovery.com,Female,132.54.205.214
693,Reynolds,Champney,rchampneyj8@weather.com,Male,183.175.156.9
694,Garret,Girhard,ggirhardj9@va.gov,Male,192.141.219.92
695,Ryun,Freegard,rfreegardja@blogger.com,Male,47.129.6.49
696,Eba,Luker,elukerjb@booking.com,Female,225.229.121.68
697,Lucretia,Lomax,llomaxjc@scribd.com,Female,194.51.4.166
698,Patten,Bedenham,pbedenhamjd@alexa.com,Male,180.254.109.20
699,Suzy,De Pietri,sdepietrije@facebook.com,Non-binary,206.191.236.123
700,Adriane,Bartaletti,abartalettijf@g.co,Female,10.152.177.100
701,Gwenette,Ashling,gashlingjg@cbc.ca,Female,217.195.98.218
702,Reginald,McGooch,rmcgoochjh@reverbnation.com,Male,59.45.98.51
703,Aurie,Ipsley,aipsleyji@blogspot.com,Female,52.49.38.23
704,Amii,Pressdee,apressdeejj@blogs.com,Agender,23.125.195.218
705,Amie,Gretton,agrettonjk@godaddy.com,Bigender,250.26.171.90
706,Laurette,Vivyan,lvivyanjl@bloomberg.com,Female,44.161.134.8
707,Maximilianus,Davidge,mdavidgejm@dot.gov,Male,202.155.198.170
708,Pollyanna,Nattrass,pnattrassjn@studiopress.com,Female,157.170.194.226
709,Angelle,Coorington,acooringtonjo@mit.edu,Genderfluid,97.141.225.216
710,Hamnet,Caunt,hcauntjp@mit.edu,Male,219.155.150.84
711,Babita,Eslemont,beslemontjq@ebay.com,Female,53.204.32.88
712,Rodolphe,Galbraith,rgalbraithjr@instagram.com,Male,118.141.30.48
713,Meridel,Gorelli,mgorellijs@vistaprint.com,Non-binary,32.142.220.34
714,Zollie,Macvey,zmacveyjt@thetimes.co.uk,Male,252.233.148.99
715,Gay,Pierson,gpiersonju@ovh.net,Female,150.10.66.160
716,Keene,Kohnert,kkohnertjv@istockphoto.com,Male,6.219.57.162
717,See,Melbourn,smelbournjw@vistaprint.com,Male,39.134.94.127
718,Stefan,Burberye,sburberyejx@constantcontact.com,Male,180.49.52.9
719,Tome,Kitchen,tkitchenjy@bbc.co.uk,Male,73.237.98.143
720,Jsandye,Conradie,jconradiejz@ning.com,Female,119.110.202.149
721,Marley,Vigurs,mvigursk0@reuters.com,Female,222.211.94.71
722,Emmeline,Riddock,eriddockk1@jugem.jp,Female,153.175.0.93
723,Yance,Stoak,ystoakk2@4shared.com,Male,41.210.26.197
724,Brendon,Myrkus,bmyrkusk3@ameblo.jp,Male,129.218.174.113
725,Marion,Tinto,mtintok4@shareasale.com,Female,133.127.98.158
726,Nissie,Bilby,nbilbyk5@hc360.com,Agender,73.243.33.21
727,Jeromy,Ffrench,jffrenchk6@barnesandnoble.com,Male,207.242.53.7
728,Dene,Catton,dcattonk7@qq.com,Male,141.100.230.2
729,Byron,Uwins,buwinsk8@mozilla.com,Male,164.47.62.203
730,Hendrick,Maron,hmaronk9@blogs.com,Genderqueer,71.226.145.42
731,Angelico,De Mattei,adematteika@discovery.com,Male,68.79.232.211
732,Babette,Kilbourn,bkilbournkb@mit.edu,Female,177.128.85.107
733,Farley,Catmull,fcatmullkc@tuttocitta.it,Male,22.8.78.10
734,Evvie,Ellacombe,eellacombekd@nih.gov,Bigender,156.214.9.55
735,Stern,Bullman,sbullmanke@zimbio.com,Male,221.111.29.114
736,Packston,Gillard,pgillardkf@bigcartel.com,Male,105.45.35.215
737,Dania,Pietrasik,dpietrasikkg@vinaora.com,Female,153.160.226.0
738,Helene,Howes,hhoweskh@free.fr,Female,104.215.80.108
739,Jeth,Benduhn,jbenduhnki@mtv.com,Male,203.183.209.58
740,Renae,Syseland,rsyselandkj@icio.us,Female,46.65.57.212
741,Chrissy,Friett,cfriettkk@deviantart.com,Genderfluid,74.8.217.70
742,Raleigh,Bern,rbernkl@taobao.com,Male,21.200.14.26
743,Aggi,Burt,aburtkm@sbwire.com,Female,232.16.134.139
744,Jessa,Milleton,jmilletonkn@soundcloud.com,Genderfluid,202.242.49.89
745,Blakelee,Sharrard,bsharrardko@hao123.com,Female,250.101.16.190
746,Louella,Dobkin,ldobkinkp@unesco.org,Female,36.217.66.163
747,Dexter,Barlee,dbarleekq@phoca.cz,Male,175.21.170.63
748,Edyth,Crocker,ecrockerkr@redcross.org,Female,143.106.109.100
749,Vinnie,Boyett,vboyettks@about.com,Female,34.101.29.183
750,Malachi,Noto,mnotokt@storify.com,Male,212.154.172.139
751,Linus,Petofi,lpetofiku@360.cn,Male,100.228.91.238
752,Dari,Clemens,dclemenskv@businesswire.com,Genderfluid,186.130.6.106
753,Blondell,Pavlov,bpavlovkw@icio.us,Female,81.231.154.132
754,Mirabella,Dunkinson,mdunkinsonkx@google.com.hk,Female,218.111.190.173
755,Joy,Aiston,jaistonky@delicious.com,Female,191.252.32.144
756,Ibby,Langmead,ilangmeadkz@wordpress.com,Female,231.206.233.211
757,Berrie,Warnes,bwarnesl0@storify.com,Female,210.88.102.175
758,Jacinta,Heddy,jheddyl1@freewebs.com,Female,168.93.167.77
759,Pavel,Bortolozzi,pbortolozzil2@illinois.edu,Genderqueer,51.251.104.51
760,Gwenora,Hammell,ghammelll3@usda.gov,Female,59.106.193.235
761,Sarena,Brims,sbrimsl4@jiathis.com,Female,238.160.166.214
762,Norrie,Cowey,ncoweyl5@joomla.org,Male,55.154.237.38
763,Quentin,Mannagh,qmannaghl6@craigslist.org,Female,234.3.57.131
764,Jerry,Penwell,jpenwelll7@usnews.com,Male,74.16.158.94
765,Cloe,Jemison,cjemisonl8@blogs.com,Female,102.245.236.30
766,Mose,Ferrea,mferreal9@netlog.com,Male,116.191.81.129
767,Ardelle,Dotson,adotsonla@hugedomains.com,Female,102.183.235.211
768,Jared,Joannic,jjoanniclb@blogger.com,Male,185.130.111.139
769,Carlee,Powney,cpowneylc@squarespace.com,Female,228.107.56.46
770,Miles,Blamphin,mblamphinld@google.com.br,Genderqueer,97.247.238.181
771,Urbain,Liversage,uliversagele@latimes.com,Male,3.246.108.232
772,Kareem,Dougary,kdougarylf@nydailynews.com,Male,67.44.107.27
773,Belia,Domanek,bdomaneklg@mac.com,Female,233.190.191.220
774,Tabby,Ehlerding,tehlerdinglh@tiny.cc,Male,89.44.188.97
775,Palmer,Rawlyns,prawlynsli@fda.gov,Male,189.91.244.108
776,Benoit,Madders,bmadderslj@sun.com,Male,23.130.201.61
777,Gayelord,Crummay,gcrummaylk@buzzfeed.com,Male,135.155.52.67
778,Myrtia,Lawrenceson,mlawrencesonll@ft.com,Female,199.92.112.175
779,Merwyn,Tranckle,mtrancklelm@github.com,Male,195.81.232.92
780,Natalya,MacLaig,nmaclaigln@theguardian.com,Female,20.49.142.218
781,Natale,Hazlewood,nhazlewoodlo@youtube.com,Male,109.213.188.242
782,Wat,Preedy,wpreedylp@washington.edu,Male,84.253.104.58
783,Leese,Sharkey,lsharkeylq@nifty.com,Female,44.226.95.3
784,Mikkel,Cooksley,mcooksleylr@chron.com,Male,159.175.147.132
785,Lucio,Philp,lphilpls@seesaa.net,Male,12.87.43.214
786,Thor,Eacle,teaclelt@biblegateway.com,Male,28.193.249.103
787,Barb,Kydde,bkyddelu@free.fr,Female,22.105.33.181
788,Chance,Langton,clangtonlv@msu.edu,Male,76.51.229.152
789,Grange,Dahlgren,gdahlgrenlw@gov.uk,Male,67.189.133.111
790,Quinlan,Grenkov,qgrenkovlx@com.com,Male,139.88.52.5
791,Keri,Alderman,kaldermanly@blogtalkradio.com,Female,206.170.179.35
792,Neddy,Langeren,nlangerenlz@opera.com,Male,156.109.239.4
793,Penny,Vakhlov,pvakhlovm0@virginia.edu,Female,43.238.197.16
794,Jo,Tembridge,jtembridgem1@csmonitor.com,Female,4.5.73.228
795,Cinderella,Mead,cmeadm2@vinaora.com,Female,36.18.53.193
796,Joete,Alessandretti,jalessandrettim3@bloglovin.com,Female,121.10.19.146
797,Heall,Tilson,htilsonm4@cnet.com,Male,157.157.111.255
798,Silvester,Graundisson,sgraundissonm5@sohu.com,Male,152.172.50.190
799,Sumner,Stirrup,sstirrupm6@newsvine.com,Male,103.223.204.3
800,John,Quelch,jquelchm7@icio.us,Male,10.64.135.56
801,Letti,Geke,lgekem8@skype.com,Female,73.184.202.126
802,Hewie,Simounet,hsimounetm9@oakley.com,Male,164.5.91.104
803,Dyane,Sussams,dsussamsma@nhs.uk,Female,172.46.22.245
804,Rowen,Schall,rschallmb@friendfeed.com,Male,72.110.211.96
805,Vidovik,Galvin,vgalvinmc@huffingtonpost.com,Male,23.175.191.18
806,Shannon,Oldroyd,soldroydmd@businessweek.com,Male,149.157.1.42
807,Redford,Petegree,rpetegreeme@vimeo.com,Male,185.113.20.62
808,Cathrine,Juppe,cjuppemf@accuweather.com,Female,155.231.117.237
809,Karee,Harnor,kharnormg@mlb.com,Female,186.136.5.42
810,Della,Broom,dbroommh@technorati.com,Female,163.161.187.216
811,Kelci,Sneezem,ksneezemmi@studiopress.com,Female,64.81.91.223
812,Dael,Martensen,dmartensenmj@npr.org,Male,102.34.192.153
813,Nevin,Romanini,nromaninimk@hostgator.com,Male,62.145.118.138
814,Albrecht,Collete,acolleteml@unesco.org,Male,120.197.35.144
815,Leonore,Whitlow,lwhitlowmm@blinklist.com,Female,151.63.86.155
816,Giordano,Yeskov,gyeskovmn@elegantthemes.com,Male,123.191.245.198
817,Oralia,Glendenning,oglendenningmo@icio.us,Female,188.110.15.219
818,Forrest,Sparry,fsparrymp@cdc.gov,Male,83.190.165.70
819,Marlane,Jamieson,mjamiesonmq@dell.com,Female,42.218.143.187
820,Ralina,Cobello,rcobellomr@zimbio.com,Female,37.170.1.54
821,Reggy,Abramino,rabraminoms@rakuten.co.jp,Male,4.241.238.33
822,Kinsley,Mc Combe,kmccombemt@sohu.com,Male,89.106.105.104
823,Reeta,Dossit,rdossitmu@yahoo.com,Female,196.239.149.200
824,Therese,Kohlert,tkohlertmv@dropbox.com,Female,159.12.154.98
825,Dode,Volk,dvolkmw@engadget.com,Female,186.144.30.35
826,Madel,McGinn,mmcginnmx@china.com.cn,Female,108.40.184.185
827,Blondy,Chatters,bchattersmy@scientificamerican.com,Female,170.47.17.34
828,Cordie,Phibb,cphibbmz@pinterest.com,Male,255.160.115.255
829,Marylou,Falk,mfalkn0@wikia.com,Female,4.194.235.103
830,My,Bakhrushkin,mbakhrushkinn1@amazon.co.uk,Male,229.33.102.148
831,Rodney,Gehrtz,rgehrtzn2@nyu.edu,Genderqueer,191.62.61.54
832,Hartley,Oland,holandn3@tmall.com,Male,134.140.102.238
833,Oliviero,McKissack,omckissackn4@nbcnews.com,Male,4.23.19.161
834,Yetty,Hastie,yhastien5@discuz.net,Female,27.110.153.228
835,Sammy,Astill,sastilln6@i2i.jp,Male,9.72.19.128
836,Skipton,Lardnar,slardnarn7@dagondesign.com,Male,105.61.3.142
837,Maryanna,Churcher,mchurchern8@last.fm,Female,233.245.167.196
838,Alex,MacTague,amactaguen9@miibeian.gov.cn,Female,191.218.128.6
839,Michaeline,Vince,mvincena@berkeley.edu,Female,161.1.164.4
840,Dillie,Murrigans,dmurrigansnb@google.com.br,Male,14.154.215.189
841,Florian,Wegenen,fwegenennc@hexun.com,Male,104.85.173.166
842,Miller,Leijs,mleijsnd@npr.org,Male,169.210.99.121
843,Winston,Giottini,wgiottinine@geocities.jp,Male,175.115.19.17
844,Mischa,Skacel,mskacelnf@bizjournals.com,Male,78.182.110.14
845,Lorita,Eke,lekeng@home.pl,Female,244.242.79.122
846,Colan,Beckinsale,cbeckinsalenh@sogou.com,Male,169.86.191.40
847,Dorena,Cheel,dcheelni@smh.com.au,Female,165.209.135.255
848,Fara,Crosier,fcrosiernj@sfgate.com,Female,251.254.71.216
849,Trip,Dawidowitsch,tdawidowitschnk@columbia.edu,Male,27.171.135.2
850,Noni,McMurty,nmcmurtynl@go.com,Female,235.250.233.132
851,Noe,Causby,ncausbynm@biglobe.ne.jp,Male,42.9.119.236
852,Rhetta,Beadnell,rbeadnellnn@desdev.cn,Female,62.184.71.203
853,Jarrid,Robic,jrobicno@plala.or.jp,Male,168.155.132.28
854,Cassie,Kairns,ckairnsnp@columbia.edu,Female,83.14.155.144
855,Celestyn,Tarbard,ctarbardnq@twitter.com,Bigender,94.172.60.30
856,Jacenta,Jameson,jjamesonnr@constantcontact.com,Female,57.182.24.250
857,Huberto,Pladen,hpladenns@wired.com,Male,30.197.76.23
858,Elliott,Sprowell,esprowellnt@lulu.com,Male,0.66.241.221
859,Sharron,Pitfield,spitfieldnu@godaddy.com,Female,78.242.216.243
860,Rozalie,Wernham,rwernhamnv@nasa.gov,Female,236.141.153.22
861,Malinda,Deighton,mdeightonnw@ucla.edu,Female,101.53.98.245
862,Burnaby,Fairman,bfairmannx@xing.com,Male,224.182.5.208
863,Dimitry,Stammirs,dstammirsny@t-online.de,Male,90.10.130.145
864,Buiron,Longfellow,blongfellownz@bizjournals.com,Agender,191.143.4.210
865,Cyrus,Lanktree,clanktreeo0@arizona.edu,Male,170.33.5.220
866,Carson,Gwilt,cgwilto1@wordpress.com,Male,168.124.124.135
867,Chantalle,Battelle,cbattelleo2@examiner.com,Female,124.165.132.19
868,Bernardina,Cawston,bcawstono3@ning.com,Female,41.252.5.239
869,Stanfield,Werrit,swerrito4@github.com,Male,120.61.180.195
870,Shaine,McQuade,smcquadeo5@wordpress.org,Male,141.254.52.235
871,Tildi,Delacourt,tdelacourto6@cloudflare.com,Female,91.40.56.57
872,Jocelyn,Geroldini,jgeroldinio7@uol.com.br,Female,229.186.91.93
873,Anderea,Longcaster,alongcastero8@meetup.com,Female,24.166.211.4
874,Corette,Jovasevic,cjovasevico9@jalbum.net,Female,124.238.230.232
875,Saree,Roskilly,sroskillyoa@upenn.edu,Female,171.221.104.34
876,Gordy,Sirmond,gsirmondob@jigsy.com,Male,16.77.205.172
877,Olav,Ratnage,oratnageoc@deviantart.com,Male,88.217.31.164
878,Egan,Killelay,ekillelayod@issuu.com,Male,135.34.187.193
879,Shayla,Stuehmeier,sstuehmeieroe@1und1.de,Female,28.148.11.178
880,Noreen,Royal,nroyalof@usgs.gov,Genderqueer,80.61.171.32
881,Pammy,Rusling,pruslingog@globo.com,Genderqueer,184.193.206.238
882,Eugenie,Akeherst,eakeherstoh@ycombinator.com,Female,159.251.108.172
883,Bernita,Gofton,bgoftonoi@wisc.edu,Female,65.189.37.57
884,Rosmunda,Pignon,rpignonoj@dot.gov,Female,93.104.238.107
885,Almira,Frankland,afranklandok@va.gov,Bigender,4.59.135.144
886,Miles,Santon,msantonol@tamu.edu,Male,108.120.43.205
887,Thayne,Bourke,tbourkeom@google.com.au,Male,207.59.115.250
888,Celestyn,Goldthorp,cgoldthorpon@cisco.com,Female,253.117.203.58
889,Zebedee,Telford,ztelfordoo@list-manage.com,Male,43.61.218.42
890,Araldo,Mitie,amitieop@dion.ne.jp,Male,254.148.78.103
891,Bran,Shiel,bshieloq@npr.org,Male,193.164.88.116
892,Harris,Hopfer,hhopferor@dailymotion.com,Male,173.129.8.179
893,Wendeline,Roake,wroakeos@dailymail.co.uk,Female,1.170.102.53
894,Gwenore,Creboe,gcreboeot@phpbb.com,Female,129.106.53.206
895,Fanya,Grievson,fgrievsonou@odnoklassniki.ru,Female,201.20.16.243
896,Mohandis,Galpen,mgalpenov@scientificamerican.com,Bigender,208.24.75.7
897,Marline,Scranedge,mscranedgeow@dmoz.org,Female,18.227.173.70
898,Donnie,Worrall,dworrallox@nbcnews.com,Female,68.135.164.30
899,Ernie,McDonogh,emcdonoghoy@constantcontact.com,Male,31.51.8.127
900,Ardys,Kach,akachoz@umich.edu,Female,69.130.247.115
901,Rhett,Woodroofe,rwoodroofep0@fastcompany.com,Non-binary,92.88.66.84
902,Giraldo,Yosevitz,gyosevitzp1@wordpress.com,Male,217.157.136.25
903,Magnum,Smithin,msmithinp2@weibo.com,Male,248.85.80.50
904,Kathy,Jedrzejewsky,kjedrzejewskyp3@sciencedaily.com,Female,148.35.149.234
905,Celestine,McCarthy,cmccarthyp4@edublogs.org,Female,149.73.238.203
906,Ranice,Godley,rgodleyp5@hostgator.com,Female,3.181.30.7
907,Kippar,Vella,kvellap6@nps.gov,Male,80.215.53.175
908,Vernon,Hadye,vhadyep7@yellowbook.com,Bigender,55.57.52.193
909,Christoffer,Pauletti,cpaulettip8@studiopress.com,Male,96.68.83.228
910,Gaelan,Schubert,gschubertp9@woothemes.com,Male,82.211.111.174
911,Diahann,Macak,dmacakpa@nydailynews.com,Female,153.21.92.203
912,Coreen,Gollard,cgollardpb@mtv.com,Female,82.55.87.164
913,Malva,Puncher,mpuncherpc@youku.com,Female,174.169.131.182
914,Silvio,Cheng,schengpd@dmoz.org,Male,33.59.194.198
915,Fifi,Skivington,fskivingtonpe@google.com,Female,138.124.253.85
916,Rob,Harding,rhardingpf@trellian.com,Male,178.173.3.139
917,Gav,Clyde,gclydepg@fema.gov,Male,63.9.49.209
918,Romola,Stainton,rstaintonph@fc2.com,Female,36.140.64.182
919,Bee,Edmett,bedmettpi@apple.com,Female,113.237.156.59
920,Catherine,Scouller,cscoullerpj@adobe.com,Female,176.164.245.2
921,Madelle,Grinyer,mgrinyerpk@blogspot.com,Female,190.10.149.222
922,Nanci,Dugan,nduganpl@parallels.com,Female,118.182.154.109
923,Tymon,Scanlon,tscanlonpm@ovh.net,Male,189.60.24.165
924,Ynez,Landes,ylandespn@house.gov,Female,247.38.76.178
925,Hester,Eady,headypo@bing.com,Female,143.225.240.9
926,Arabela,Joust,ajoustpp@unc.edu,Female,241.183.251.37
927,Alphonso,Huge,ahugepq@weebly.com,Male,26.229.233.55
928,Wilmette,Juschka,wjuschkapr@pbs.org,Female,135.241.5.36
929,Jeanne,Shewery,jsheweryps@theguardian.com,Female,105.254.66.135
930,Fran,Gadeaux,fgadeauxpt@fda.gov,Male,195.144.126.241
931,Horatio,Madsen,hmadsenpu@sitemeter.com,Bigender,72.25.92.4
932,Armstrong,Statersfield,astatersfieldpv@taobao.com,Male,12.185.28.223
933,Raoul,Tripon,rtriponpw@cornell.edu,Male,198.104.36.123
934,Hartley,Hardie,hhardiepx@hibu.com,Male,118.91.65.110
935,Hanna,Helstrip,hhelstrippy@tiny.cc,Female,98.83.54.207
936,Haley,Buckthorp,hbuckthorppz@lycos.com,Female,103.236.39.131
937,Uri,Posnett,uposnettq0@soundcloud.com,Male,193.229.130.213
938,Rusty,Rudinger,rrudingerq1@gov.uk,Male,30.22.239.164
939,Pierce,Clerk,pclerkq2@shareasale.com,Male,25.2.68.202
940,Claudell,Risbridger,crisbridgerq3@cbslocal.com,Male,46.110.7.214
941,King,Sacco,ksaccoq4@hhs.gov,Male,214.16.89.143
942,Lucias,McMarquis,lmcmarquisq5@privacy.gov.au,Male,74.44.110.101
943,Kaspar,Benkin,kbenkinq6@scribd.com,Male,165.242.240.2
944,Ranice,Morgen,rmorgenq7@ed.gov,Female,2.247.28.24
945,Edlin,Block,eblockq8@google.de,Male,9.77.16.28
946,Tamera,Hanmore,thanmoreq9@booking.com,Female,186.183.207.100
947,Agace,Dalgarnocht,adalgarnochtqa@jugem.jp,Non-binary,151.12.153.21
948,Miguelita,Schade,mschadeqb@google.ca,Non-binary,223.222.29.28
949,Rem,Gringley,rgringleyqc@topsy.com,Male,128.109.20.191
950,Paten,Smethurst,psmethurstqd@reddit.com,Male,212.45.126.65
951,Fonz,Borham,fborhamqe@fotki.com,Male,219.123.53.38
952,Radcliffe,Ohrtmann,rohrtmannqf@mozilla.com,Male,217.26.1.51
953,Amalle,Forster,aforsterqg@paypal.com,Female,94.82.123.211
954,Sasha,Crucetti,scrucettiqh@samsung.com,Female,73.72.191.34
955,Elke,Farrin,efarrinqi@state.tx.us,Female,115.160.183.89
956,Kary,Berzen,kberzenqj@seattletimes.com,Female,112.101.111.165
957,Raddy,Findley,rfindleyqk@sun.com,Male,128.109.138.134
958,Sergei,Verna,svernaql@oracle.com,Male,153.144.17.88
959,Michell,Bernardeschi,mbernardeschiqm@adobe.com,Female,157.170.211.148
960,Abran,Wilmot,awilmotqn@ucsd.edu,Male,130.166.13.60
961,Charlot,Entres,centresqo@twitter.com,Female,93.12.219.145
962,Christa,Neasham,cneashamqp@blogtalkradio.com,Female,132.15.109.115
963,Emmaline,Frier,efrierqq@networkadvertising.org,Female,16.69.38.204
964,Dyan,Portriss,dportrissqr@harvard.edu,Female,50.51.228.38
965,Hilarius,Chateau,hchateauqs@discovery.com,Male,186.171.73.111
966,Melva,Cavozzi,mcavozziqt@privacy.gov.au,Female,16.30.3.96
967,Leopold,Ludlamme,lludlammequ@yolasite.com,Male,111.153.34.90
968,Brittany,Possek,bpossekqv@java.com,Female,88.79.2.39
969,Kendell,Delucia,kdeluciaqw@hc360.com,Male,148.213.32.154
970,Alejandro,Ketchaside,aketchasideqx@state.gov,Male,150.22.99.75
971,Corie,Salvadore,csalvadoreqy@photobucket.com,Female,229.114.123.55
972,Eunice,Graveston,egravestonqz@myspace.com,Female,254.164.38.6
973,Ardisj,Sixsmith,asixsmithr0@nytimes.com,Female,110.201.209.140
974,Floria,Sevier,fsevierr1@youku.com,Female,245.46.180.87
975,Andrej,Harmson,aharmsonr2@unc.edu,Male,69.220.84.245
976,Aarika,Menichi,amenichir3@globo.com,Female,234.122.166.25
977,Theodor,Crim,tcrimr4@edublogs.org,Male,34.207.152.180
978,Sabrina,Priest,spriestr5@hc360.com,Female,81.138.85.160
979,Bent,Seager,bseagerr6@printfriendly.com,Male,77.192.164.18
980,Donny,Suart,dsuartr7@hhs.gov,Male,184.123.156.122
981,Bartel,Meechan,bmeechanr8@livejournal.com,Male,59.68.182.196
982,Marinna,Theodoris,mtheodorisr9@nymag.com,Female,245.226.52.99
983,Eba,Bissett,ebissettra@jimdo.com,Female,113.203.67.130
984,Padraig,Crighton,pcrightonrb@pbs.org,Male,135.131.107.14
985,Rodina,Kempton,rkemptonrc@ovh.net,Female,42.54.225.184
986,Fanni,Hartgill,fhartgillrd@de.vu,Female,94.113.48.144
987,Ardith,Milberry,amilberryre@si.edu,Female,23.191.244.95
988,Clementia,Baudains,cbaudainsrf@cnbc.com,Polygender,72.147.243.35
989,Jase,Andreaccio,jandreacciorg@51.la,Male,237.191.9.120
990,Rube,Dittson,rdittsonrh@people.com.cn,Male,227.147.99.247
991,Cyrillus,Camois,ccamoisri@princeton.edu,Male,161.55.180.105
992,Blythe,Nial,bnialrj@slashdot.org,Bigender,61.54.227.242
993,Mariya,Bareford,mbarefordrk@jiathis.com,Genderqueer,59.230.89.141
994,Sigismundo,MacFadden,smacfaddenrl@wordpress.org,Male,126.211.114.223
995,Joey,Lonergan,jlonerganrm@msn.com,Male,100.135.71.100
996,Talya,Muckart,tmuckartrn@imgur.com,Female,90.82.245.189
997,Forrester,Yushankin,fyushankinro@posterous.com,Male,218.72.235.28
998,Tamiko,Hamlen,thamlenrp@eepurl.com,Female,70.166.46.64
999,Gavin,Ordish,gordishrq@mtv.com,Male,192.110.75.196
1000,Garrik,Pittson,gpittsonrr@abc.net.au,Male,223.246.203.123
