id,first_name,last_name,email,gender,ip_address
1,Katie,Woolfitt,kwoolfitt0@patch.com,Genderfluid,212.7.74.97
2,Mendy,Byneth,mbyneth1@nsw.gov.au,Male,61.97.40.65
3,Katleen,Speirs,kspeirs2@godaddy.com,Female,254.157.93.31
4,Dre,Pendrill,dpendrill3@is.gd,Female,4.16.195.186
5,Cynthia,Cropp,ccropp4@skyrock.com,Female,112.140.202.236
6,Rollo,Schofield,rschofield5@latimes.com,Male,252.38.68.84
7,Pattie,Pennoni,ppennoni6@dion.ne.jp,Female,242.227.64.197
8,Philippine,Shanklin,pshanklin7@rakuten.co.jp,Female,231.147.164.252
9,Asa,Tomasz,atomasz8@ezinearticles.com,Bigender,113.100.80.114
10,Nerita,Chopy,nchopy9@yahoo.com,Female,152.100.165.143
11,Flinn,McGrady,fmcgradya@example.com,Male,55.25.132.170
12,Daniela,Lesmonde,dlesmondeb@usnews.com,Female,192.44.107.207
13,Alasdair,Kleuer,akleuerc@angelfire.com,Male,135.223.64.222
14,Valentijn,Arnaudi,varnaudid@soup.io,Male,89.136.117.88
15,Karilynn,Housiaux,khousiauxe@vistaprint.com,Female,212.151.91.220
16,Stillmann,Whaley,swhaleyf@google.com,Male,100.147.146.84
17,Zilvia,Soutter,zsoutterg@bandcamp.com,Female,117.24.179.19
18,Samuel,Blissitt,sblissitth@google.fr,Male,171.18.148.17
19,Wallie,Plumm,wplummi@apple.com,Female,28.211.200.16
20,Alaster,MacDermand,amacdermandj@ftc.gov,Male,247.164.196.247
21,Roseanna,Bracer,rbracerk@marriott.com,Agender,204.237.194.37
22,Georgia,Arnault,garnaultl@java.com,Female,114.228.220.235
23,Stevana,Milella,smilellam@eventbrite.com,Female,31.248.121.173
24,Filberto,Biasioli,fbiasiolin@slashdot.org,Male,227.64.85.59
25,Sherlocke,Ivanchikov,sivanchikovo@odnoklassniki.ru,Male,218.121.148.87
26,Roda,Cockney,rcockneyp@irs.gov,Female,148.187.18.111
27,Rennie,Kirkam,rkirkamq@globo.com,Female,39.67.24.170
28,Lissie,Benkhe,lbenkher@myspace.com,Female,40.171.28.65
29,Bern,Osgar,bosgars@vistaprint.com,Male,68.46.208.237
30,Tamiko,Glozman,tglozmant@admin.ch,Female,151.82.71.198
31,Starlene,Pidduck,spidducku@ebay.co.uk,Female,7.145.95.187
32,Bengt,Wickardt,bwickardtv@google.de,Male,220.41.91.84
33,Herculie,Crate,hcratew@nifty.com,Male,243.245.119.160
34,Druci,Rasch,draschx@cmu.edu,Female,66.123.67.144
35,Micheil,Likely,mlikelyy@feedburner.com,Male,171.215.25.195
36,Nikolai,Hovel,nhovelz@chicagotribune.com,Male,29.165.62.12
37,Giralda,Basten,gbasten10@wikispaces.com,Female,21.139.31.227
38,Bruno,Grint,bgrint11@sina.com.cn,Male,166.79.47.45
39,Lynelle,Greenwood,lgreenwood12@jimdo.com,Female,0.178.75.95
40,Cassius,Neeves,cneeves13@oakley.com,Bigender,205.209.192.177
41,Arin,Waistell,awaistell14@google.cn,Male,1.176.198.20
42,Flory,Zottoli,fzottoli15@vinaora.com,Male,138.7.11.72
43,Cathyleen,Sawell,csawell16@sun.com,Female,74.230.101.170
44,Guido,Bambrugh,gbambrugh17@nymag.com,Male,134.190.185.103
45,Garrick,Fickling,gfickling18@gnu.org,Male,88.146.10.167
46,Faulkner,Nann,fnann19@usda.gov,Male,33.29.34.28
47,Raviv,Manntschke,rmanntschke1a@dot.gov,Male,13.93.184.66
48,Vasilis,Graveston,vgraveston1b@twitter.com,Male,242.35.5.105
49,Dill,Nuzzi,dnuzzi1c@netscape.com,Male,110.70.30.128
50,Cesar,Enser,censer1d@moonfruit.com,Male,238.58.82.106
51,Chrissie,Allans,callans1e@cloudflare.com,Male,240.193.149.47
52,Harmonia,MacCracken,hmaccracken1f@t.co,Female,95.27.117.252
53,Taber,Brettle,tbrettle1g@nymag.com,Male,185.50.225.6
54,Alisander,Briggs,abriggs1h@zdnet.com,Male,183.253.37.195
55,Pyotr,Bebis,pbebis1i@ucsd.edu,Male,3.69.130.61
56,Lolly,Konig,lkonig1j@yahoo.com,Female,104.46.195.226
57,Marylynne,Vise,mvise1k@wordpress.org,Female,174.105.49.171
58,Patricia,Ech,pech1l@webs.com,Female,83.136.26.237
59,Waldo,Posselow,wposselow1m@furl.net,Male,135.103.33.50
60,Estrella,Grishunin,egrishunin1n@state.tx.us,Female,185.217.34.39
61,Katerina,Paik,kpaik1o@phoca.cz,Female,3.39.0.223
62,Kelcy,Franciskiewicz,kfranciskiewicz1p@unblog.fr,Female,236.9.219.201
63,Francklin,Geri,fgeri1q@deviantart.com,Male,134.55.228.216
64,Ashlie,Rate,arate1r@dion.ne.jp,Non-binary,58.154.166.101
65,Wyndham,Petrashov,wpetrashov1s@weibo.com,Male,165.72.18.192
66,Bret,Van Merwe,bvanmerwe1t@quantcast.com,Male,242.199.191.37
67,Lizette,Dougary,ldougary1u@about.com,Female,210.200.176.72
68,Sterne,Flux,sflux1v@cnet.com,Male,195.52.204.244
69,Anet,Putnam,aputnam1w@w3.org,Female,252.53.130.134
70,Art,Selby,aselby1x@nymag.com,Non-binary,33.23.153.48
71,Sabine,Schimann,sschimann1y@wired.com,Female,44.238.223.65
72,Nelie,Jori,njori1z@hud.gov,Female,148.40.61.121
73,Cullan,Plom,cplom20@china.com.cn,Male,70.104.166.206
74,Selig,Sirkett,ssirkett21@apache.org,Male,82.130.2.213
75,Sissie,Silversmidt,ssilversmidt22@hc360.com,Female,65.62.187.105
76,Ulick,Petrosian,upetrosian23@cnbc.com,Male,108.126.107.0
77,Nani,Hierro,nhierro24@tiny.cc,Female,241.117.158.5
78,Sheppard,Ladlow,sladlow25@vistaprint.com,Male,150.219.236.199
79,Garold,Baptist,gbaptist26@senate.gov,Male,181.160.96.252
80,Renell,Hise,rhise27@europa.eu,Genderqueer,68.35.171.63
81,Herschel,Brosius,hbrosius28@myspace.com,Male,50.165.255.225
82,Panchito,Jachimczak,pjachimczak29@typepad.com,Male,246.184.146.83
83,Mareah,Paridge,mparidge2a@paginegialle.it,Female,238.84.182.66
84,Jarvis,Lahy,jlahy2b@tinypic.com,Male,96.143.206.92
85,Alphard,Joselevitch,ajoselevitch2c@macromedia.com,Male,123.99.86.235
86,Chad,Wooster,cwooster2d@kickstarter.com,Male,36.102.16.114
87,Ruy,Potes,rpotes2e@dailymotion.com,Male,130.77.90.206
88,Johnna,Rodda,jrodda2f@de.vu,Female,74.150.115.83
89,Bern,Duny,bduny2g@google.co.jp,Male,7.108.68.102
90,Elliott,Norcutt,enorcutt2h@yandex.ru,Male,227.76.222.48
91,Darby,Cove,dcove2i@photobucket.com,Polygender,106.117.254.85
92,Georas,Goolden,ggoolden2j@bizjournals.com,Male,87.161.244.150
93,Constantino,Dudson,cdudson2k@yale.edu,Non-binary,208.144.60.57
94,Bear,Hyde,bhyde2l@ow.ly,Male,68.62.176.197
95,Lonnard,Hounsham,lhounsham2m@google.com.hk,Male,80.158.165.5
96,Yorker,Thebes,ythebes2n@independent.co.uk,Male,55.3.2.187
97,Kain,Cerith,kcerith2o@about.me,Male,129.182.150.167
98,Jacquenette,Sinnat,jsinnat2p@answers.com,Female,147.99.29.72
99,Brandise,Wearn,bwearn2q@theglobeandmail.com,Female,87.187.30.10
100,Kandy,Ravenscroft,kravenscroft2r@wikispaces.com,Female,253.109.67.83
101,Hillel,Twentyman,htwentyman2s@go.com,Male,71.23.95.230
102,Basile,Knewstub,bknewstub2t@biblegateway.com,Male,255.22.188.99
103,Johann,Diloway,jdiloway2u@patch.com,Male,66.128.255.66
104,Cello,Teaze,cteaze2v@wikipedia.org,Male,22.211.10.53
105,Massimiliano,Hugnot,mhugnot2w@istockphoto.com,Non-binary,167.217.36.246
106,Carri,Artz,cartz2x@facebook.com,Female,80.152.54.92
107,Lennie,Firk,lfirk2y@yellowpages.com,Male,121.86.94.242
108,Sapphira,Butterfill,sbutterfill2z@is.gd,Female,122.50.178.211
109,Colas,Robinet,crobinet30@cisco.com,Male,61.1.26.125
110,Patton,Poter,ppoter31@ehow.com,Male,91.149.86.33
111,Lydia,Ingerson,lingerson32@blog.com,Female,208.22.249.12
112,Zak,Marquis,zmarquis33@hatena.ne.jp,Male,25.242.193.248
113,Pat,McColl,pmccoll34@ning.com,Male,62.70.193.93
114,Clark,Edmonston,cedmonston35@wufoo.com,Male,58.77.164.10
115,Cirilo,Petrasch,cpetrasch36@chron.com,Male,195.213.133.8
116,Tatiana,MacCaig,tmaccaig37@goo.ne.jp,Agender,112.243.100.138
117,Roobbie,McDermot,rmcdermot38@phpbb.com,Female,29.185.214.77
118,Leanora,Pre,lpre39@walmart.com,Female,126.163.32.197
119,Robbi,Dalliston,rdalliston3a@jiathis.com,Female,82.79.162.252
120,Benji,Clyma,bclyma3b@seattletimes.com,Male,153.188.117.217
121,Hyacinth,Dallaway,hdallaway3c@ftc.gov,Polygender,81.190.230.154
122,Marin,Archbald,marchbald3d@earthlink.net,Female,43.0.20.48
123,Poppy,Veillard,pveillard3e@indiatimes.com,Female,84.48.107.221
124,Sarena,Henbury,shenbury3f@feedburner.com,Female,0.253.109.105
125,Rollins,Daburn,rdaburn3g@mlb.com,Male,135.13.248.143
126,Hamlin,Clemenzo,hclemenzo3h@google.co.uk,Male,206.166.165.142
127,Cordi,Campkin,ccampkin3i@wisc.edu,Polygender,112.200.57.65
128,Jacqueline,Feifer,jfeifer3j@fotki.com,Female,232.150.154.117
129,Nat,Duthy,nduthy3k@slate.com,Male,155.24.106.227
130,Hermie,Darville,hdarville3l@netvibes.com,Male,87.235.148.185
131,Leslie,Yatman,lyatman3m@seesaa.net,Male,170.126.72.245
132,Kata,Lowre,klowre3n@jalbum.net,Female,8.224.161.139
133,Onofredo,Chrystie,ochrystie3o@xrea.com,Male,181.88.129.168
134,Catlin,Poller,cpoller3p@skyrock.com,Female,118.50.166.62
135,Julienne,Angric,jangric3q@squidoo.com,Non-binary,122.144.146.45
136,Wainwright,Foyston,wfoyston3r@vinaora.com,Male,206.108.243.141
137,Rebecca,McLelland,rmclelland3s@cbsnews.com,Female,187.56.18.59
138,Justine,Garmanson,jgarmanson3t@wsj.com,Female,132.128.106.137
139,Cale,Matthieson,cmatthieson3u@rediff.com,Male,153.154.198.165
140,Murielle,London,mlondon3v@webeden.co.uk,Female,69.214.205.206
141,Arabele,Lamps,alamps3w@newyorker.com,Non-binary,153.200.20.25
142,Franciskus,Keighley,fkeighley3x@netscape.com,Genderfluid,125.211.157.127
143,Suzanne,Twyford,stwyford3y@blogspot.com,Female,179.242.146.240
144,Silvanus,Le Gassick,slegassick3z@booking.com,Male,6.147.130.135
145,Silvester,Bembridge,sbembridge40@bbc.co.uk,Male,43.175.231.92
146,Doe,Sante,dsante41@tamu.edu,Female,120.144.244.165
147,Gussy,Gagie,ggagie42@reference.com,Female,71.151.179.208
148,Hamilton,Tucker,htucker43@craigslist.org,Male,80.19.126.163
149,Cassondra,Hartford,chartford44@digg.com,Female,52.91.192.93
150,Trudy,Wornum,twornum45@mit.edu,Female,195.175.140.84
151,Maurise,Rudkin,mrudkin46@macromedia.com,Female,13.174.108.155
152,Bevvy,Aldrin,baldrin47@g.co,Female,241.36.91.150
153,Esdras,Burnyate,eburnyate48@salon.com,Male,192.140.68.19
154,Karim,Maxworthy,kmaxworthy49@unicef.org,Male,130.125.194.173
155,Kendell,Dyster,kdyster4a@opensource.org,Male,8.241.91.134
156,Benn,Guerrero,bguerrero4b@mac.com,Polygender,216.229.214.114
157,Desiri,Jenno,djenno4c@constantcontact.com,Female,197.175.142.250
158,Harold,Thompson,hthompson4d@indiegogo.com,Male,240.130.50.202
159,Ced,Beaudry,cbeaudry4e@go.com,Male,183.150.151.78
160,Chariot,Lambertini,clambertini4f@accuweather.com,Male,245.25.46.120
161,Torey,Birt,tbirt4g@examiner.com,Male,73.217.227.200
162,Suzette,Saulter,ssaulter4h@comsenz.com,Female,124.201.131.193
163,Blakeley,Pinnion,bpinnion4i@blinklist.com,Female,117.157.206.196
164,Cly,Roath,croath4j@lulu.com,Male,225.200.184.84
165,Lilli,Geely,lgeely4k@constantcontact.com,Genderqueer,212.239.127.84
166,Tamar,Mardlin,tmardlin4l@businesswire.com,Female,145.144.29.251
167,Jeanie,Philps,jphilps4m@networksolutions.com,Female,18.23.209.162
168,Clement,Noell,cnoell4n@slideshare.net,Male,243.63.44.183
169,Cyril,MacFaul,cmacfaul4o@elegantthemes.com,Male,84.160.203.191
170,Janette,Charopen,jcharopen4p@disqus.com,Female,33.241.128.64
171,Byram,Uppett,buppett4q@privacy.gov.au,Male,58.31.50.33
172,Umeko,Birks,ubirks4r@google.ru,Female,150.181.95.158
173,Kirsti,Bunker,kbunker4s@salon.com,Genderqueer,114.129.69.247
174,Kaye,Ragbourne,kragbourne4t@amazonaws.com,Female,17.3.246.184
175,Edeline,Ranklin,eranklin4u@admin.ch,Female,165.181.28.140
176,Batholomew,Whifen,bwhifen4v@soundcloud.com,Male,117.149.58.189
177,Moina,Parchment,mparchment4w@apache.org,Female,244.1.71.81
178,Erv,Giacomazzo,egiacomazzo4x@dion.ne.jp,Bigender,235.204.187.88
179,Tab,Vitler,tvitler4y@chron.com,Male,127.94.239.148
180,Dacey,Licquorish,dlicquorish4z@nps.gov,Female,160.253.92.236
181,Vyky,Rittmeier,vrittmeier50@addthis.com,Female,180.160.136.232
182,Shem,Matessian,smatessian51@go.com,Male,168.234.189.249
183,Blinnie,Keming,bkeming52@weibo.com,Female,106.114.215.101
184,Marshal,Quarrie,mquarrie53@github.com,Male,153.111.91.11
185,Ivan,Woodrough,iwoodrough54@webeden.co.uk,Bigender,246.80.163.207
186,Bentley,Aldcorne,baldcorne55@topsy.com,Male,237.179.224.251
187,Clementius,Oxtiby,coxtiby56@webs.com,Male,68.245.76.71
188,Ahmed,Rutty,arutty57@youku.com,Male,62.144.176.67
189,Kiley,O'Fogerty,kofogerty58@latimes.com,Female,196.113.86.244
190,Skylar,Hunn,shunn59@ft.com,Male,203.13.28.181
191,Brooke,Ousley,bousley5a@technorati.com,Male,26.19.65.29
192,Darcy,Sancias,dsancias5b@vk.com,Male,54.47.205.113
193,Elaina,Heaseman,eheaseman5c@dion.ne.jp,Female,151.192.25.205
194,Rozella,Wesson,rwesson5d@cnn.com,Female,230.170.109.134
195,Derron,Scarse,dscarse5e@domainmarket.com,Male,89.4.198.163
196,Cedric,Greig,cgreig5f@quantcast.com,Male,20.125.55.105
197,Alister,Dast,adast5g@istockphoto.com,Male,67.95.59.142
198,Ellery,Filyashin,efilyashin5h@netvibes.com,Male,191.251.131.200
199,Bartlet,Pothbury,bpothbury5i@livejournal.com,Male,48.197.70.170
200,Mallory,Voss,mvoss5j@yahoo.com,Male,150.13.13.95
201,Den,Lievesley,dlievesley5k@sohu.com,Male,215.190.113.251
202,Yvette,McKue,ymckue5l@jiathis.com,Female,8.3.70.116
203,Donovan,Batch,dbatch5m@vistaprint.com,Male,163.132.103.110
204,Zandra,Sweynson,zsweynson5n@gravatar.com,Female,93.14.219.44
205,Horatia,Spafford,hspafford5o@dell.com,Female,244.203.207.97
206,Hansiain,Feeley,hfeeley5p@taobao.com,Male,174.3.115.15
207,Merrilee,Hutsby,mhutsby5q@cbslocal.com,Female,235.136.193.103
208,Lissa,Welds,lwelds5r@utexas.edu,Female,10.158.110.55
209,Kendricks,Kellaway,kkellaway5s@miibeian.gov.cn,Male,181.155.160.217
210,Rosaleen,Riveles,rriveles5t@lulu.com,Female,252.67.218.150
211,Petronia,Hargroves,phargroves5u@hostgator.com,Female,154.10.118.37
212,Pancho,Bontoft,pbontoft5v@soup.io,Male,33.164.243.233
213,Jinny,Nast,jnast5w@booking.com,Female,103.227.21.69
214,Thornton,Piperley,tpiperley5x@uol.com.br,Genderfluid,20.96.112.28
215,Eloise,Moreno,emoreno5y@forbes.com,Female,189.33.27.25
216,Dudley,O' Meara,domeara5z@hud.gov,Male,161.94.229.249
217,Aurlie,McCamish,amccamish60@usnews.com,Female,186.8.193.158
218,Kirby,Rozsa,krozsa61@canalblog.com,Male,158.196.97.35
219,Alyosha,Wikey,awikey62@amazon.com,Male,208.31.83.216
220,Sarge,Keizman,skeizman63@stanford.edu,Male,82.53.202.116
221,Holly,MacNeillie,hmacneillie64@utexas.edu,Male,205.141.159.64
222,Wallis,Huleatt,whuleatt65@google.pl,Male,221.21.70.222
223,Waiter,Corbie,wcorbie66@4shared.com,Non-binary,214.153.100.38
224,Cecilius,Renol,crenol67@skype.com,Male,118.62.108.15
225,Germain,Jone,gjone68@addthis.com,Male,166.213.179.196
226,Emlen,Cossem,ecossem69@1688.com,Male,67.245.65.70
227,Aigneis,Coyte,acoyte6a@clickbank.net,Female,119.85.166.21
228,Hewett,Petteford,hpetteford6b@craigslist.org,Male,248.209.146.40
229,Ray,Bowie,rbowie6c@businessweek.com,Female,36.68.98.219
230,Fraze,Durham,fdurham6d@google.com.hk,Male,236.233.49.189
231,Tierney,Gilleson,tgilleson6e@constantcontact.com,Female,167.24.181.44
232,Ethe,Londer,elonder6f@hao123.com,Male,110.112.48.34
233,Ellissa,Levitt,elevitt6g@time.com,Female,159.53.72.215
234,Thane,Gilkes,tgilkes6h@nymag.com,Male,16.44.234.236
235,Gerardo,Conisbee,gconisbee6i@vkontakte.ru,Male,128.20.180.34
236,Jelene,Brozek,jbrozek6j@cisco.com,Female,0.146.22.104
237,Tory,D'Elia,tdelia6k@ft.com,Female,192.131.119.177
238,Brnaby,Millhill,bmillhill6l@deviantart.com,Male,250.214.198.114
239,Wrennie,Bertl,wbertl6m@flickr.com,Female,201.103.7.140
240,Deloris,Corbitt,dcorbitt6n@naver.com,Female,139.118.172.241
241,Pierre,Shand,pshand6o@moonfruit.com,Male,100.134.200.214
242,Joete,O'Reilly,joreilly6p@naver.com,Female,6.212.69.201
243,Wallache,Neno,wneno6q@mediafire.com,Male,178.70.222.106
244,Ruthi,Mecozzi,rmecozzi6r@nature.com,Female,2.228.186.122
245,Maxim,Battram,mbattram6s@weibo.com,Male,71.153.215.204
246,Way,Godber,wgodber6t@marketwatch.com,Male,121.178.78.64
247,Nikolaos,Rattenberie,nrattenberie6u@deliciousdays.com,Male,23.0.219.213
248,Bradan,Harmson,bharmson6v@accuweather.com,Male,248.200.82.141
249,Madalena,Divver,mdivver6w@soup.io,Female,221.236.111.18
250,Banky,Avieson,bavieson6x@economist.com,Male,3.239.15.215
251,Thoma,Attack,tattack6y@nifty.com,Male,168.217.245.70
252,Rodolphe,Pinshon,rpinshon6z@cyberchimps.com,Genderqueer,43.229.75.16
253,Jennee,Cosker,jcosker70@over-blog.com,Female,47.182.89.191
254,Glen,Gloy,ggloy71@indiatimes.com,Male,196.58.89.209
255,Ekaterina,Lawes,elawes72@psu.edu,Female,19.138.0.188
256,Peggy,Lamplugh,plamplugh73@bigcartel.com,Bigender,240.45.39.28
257,Nikos,Hobgen,nhobgen74@surveymonkey.com,Male,220.107.203.21
258,Mignon,Lantuff,mlantuff75@lulu.com,Female,167.200.45.177
259,Cristal,Stickells,cstickells76@geocities.jp,Genderfluid,144.106.93.52
260,Hakim,Burkett,hburkett77@hugedomains.com,Male,177.110.104.160
261,Clyve,Pray,cpray78@ustream.tv,Male,233.31.167.5
262,Alfonso,Ivanchenkov,aivanchenkov79@last.fm,Male,52.216.230.94
263,Skye,Paulot,spaulot7a@pcworld.com,Male,191.73.233.0
264,Molly,Glanvill,mglanvill7b@washingtonpost.com,Female,101.139.8.32
265,Theda,Collison,tcollison7c@icq.com,Female,64.142.71.62
266,Ginny,Hebbs,ghebbs7d@e-recht24.de,Female,133.72.43.98
267,Patsy,Kondratenko,pkondratenko7e@plala.or.jp,Male,199.156.77.107
268,Mackenzie,Kenford,mkenford7f@cdc.gov,Male,107.222.200.239
269,Nelson,Balsom,nbalsom7g@biblegateway.com,Male,7.139.85.134
270,Alyce,Caslane,acaslane7h@google.it,Female,26.119.106.120
271,Clint,Colebourne,ccolebourne7i@linkedin.com,Male,181.147.143.73
272,Joaquin,Liggett,jliggett7j@ucsd.edu,Male,42.9.178.218
273,Stanford,Greaser,sgreaser7k@huffingtonpost.com,Male,250.208.78.195
274,Ringo,Diche,rdiche7l@addthis.com,Male,227.237.82.181
275,Jemmy,Pennings,jpennings7m@msn.com,Genderfluid,31.152.80.138
276,Gallagher,Taffurelli,gtaffurelli7n@auda.org.au,Male,134.249.220.159
277,Codie,Clarkson,cclarkson7o@shareasale.com,Female,78.230.222.245
278,Annmaria,Jeppe,ajeppe7p@discovery.com,Female,63.156.248.32
279,Branden,Hugli,bhugli7q@timesonline.co.uk,Male,2.128.150.87
280,Garth,Setterthwait,gsetterthwait7r@desdev.cn,Male,226.213.56.95
281,Darb,Velasquez,dvelasquez7s@friendfeed.com,Female,243.20.79.209
282,Fancy,MacGill,fmacgill7t@newsvine.com,Female,181.23.53.90
283,Mitzi,Stow,mstow7u@digg.com,Female,103.255.114.99
284,Fritz,Russ,fruss7v@craigslist.org,Bigender,212.8.149.52
285,Marsiella,Vankin,mvankin7w@163.com,Female,209.76.121.97
286,Lesley,Fusedale,lfusedale7x@skyrock.com,Male,244.44.67.238
287,Ninetta,Siddle,nsiddle7y@sakura.ne.jp,Female,189.249.251.244
288,Serge,Biset,sbiset7z@meetup.com,Male,165.180.88.164
289,Hayyim,Hagland,hhagland80@ftc.gov,Male,233.176.13.211
290,Shalna,Olcot,solcot81@sciencedirect.com,Female,253.230.28.252
291,Thoma,Stannion,tstannion82@prnewswire.com,Male,81.100.235.203
292,Guglielmo,Minthorpe,gminthorpe83@g.co,Male,143.28.88.55
293,Kaleb,Martusov,kmartusov84@accuweather.com,Genderqueer,111.99.88.60
294,Greggory,Boatright,gboatright85@telegraph.co.uk,Male,107.240.123.125
295,Dollie,Lindro,dlindro86@japanpost.jp,Female,98.199.34.120
296,Willie,Reaney,wreaney87@google.com.br,Male,213.21.116.236
297,Olive,Deeley,odeeley88@yellowpages.com,Female,171.198.87.101
298,Nikaniki,Peever,npeever89@smh.com.au,Genderqueer,155.27.249.191
299,Barnie,Pudan,bpudan8a@yelp.com,Male,79.24.186.210
300,Gan,Shoorbrooke,gshoorbrooke8b@businessweek.com,Male,20.19.142.220
301,Murial,Drees,mdrees8c@state.gov,Genderfluid,47.162.150.247
302,Nikaniki,Pickhaver,npickhaver8d@1688.com,Female,2.57.238.122
303,Mirabelle,Ridsdale,mridsdale8e@sogou.com,Female,227.9.110.216
304,Ezra,Harriott,eharriott8f@infoseek.co.jp,Male,230.222.195.169
305,Winnie,Beese,wbeese8g@google.es,Female,235.249.123.244
306,Gavra,Teare,gteare8h@netscape.com,Genderfluid,111.132.219.106
307,Oralla,Rubinowitz,orubinowitz8i@blogs.com,Female,155.62.64.202
308,Sanford,Caraher,scaraher8j@google.es,Male,250.239.95.131
309,Katinka,Colquhoun,kcolquhoun8k@github.com,Female,201.251.1.118
310,Samson,Lasseter,slasseter8l@yandex.ru,Male,23.192.195.73
311,Latia,Dolphin,ldolphin8m@geocities.jp,Female,157.178.204.117
312,Rube,Smoote,rsmoote8n@sun.com,Male,82.201.160.229
313,Tracey,McMillan,tmcmillan8o@vinaora.com,Female,193.37.106.212
314,Myranda,Barczynski,mbarczynski8p@mlb.com,Female,98.229.58.15
315,Heall,Salling,hsalling8q@sourceforge.net,Male,15.153.125.138
316,Fancy,Primmer,fprimmer8r@usatoday.com,Female,69.135.152.24
317,Dino,Yellowlees,dyellowlees8s@imdb.com,Male,195.141.156.5
318,Franny,Tourot,ftourot8t@acquirethisname.com,Genderfluid,58.74.145.63
319,Christiana,Aleixo,caleixo8u@shinystat.com,Female,126.65.231.217
320,Julius,Whistan,jwhistan8v@myspace.com,Bigender,161.29.84.14
321,Katusha,Carrabott,kcarrabott8w@live.com,Female,137.40.61.170
322,Matthew,Chappel,mchappel8x@lycos.com,Male,8.24.60.180
323,Bernetta,Ludlem,bludlem8y@dagondesign.com,Female,155.106.102.91
324,Sherwood,Blowen,sblowen8z@jalbum.net,Male,221.132.169.251
325,Jeniffer,McIlwain,jmcilwain90@intel.com,Female,166.134.26.224
326,Daffy,Birkmyr,dbirkmyr91@flavors.me,Female,38.37.187.240
327,Kingsley,Vedekhov,kvedekhov92@reuters.com,Male,134.112.60.86
328,Jens,Cleaveland,jcleaveland93@blogspot.com,Male,27.141.173.82
329,Twyla,Jerzyk,tjerzyk94@lycos.com,Female,83.157.215.136
330,Grace,Swannack,gswannack95@clickbank.net,Polygender,27.114.157.169
331,Carlynn,Middas,cmiddas96@princeton.edu,Female,15.22.37.36
332,Sherline,Dornin,sdornin97@ft.com,Female,175.154.93.164
333,Marci,Toller,mtoller98@pbs.org,Female,159.12.254.31
334,Alis,Chadderton,achadderton99@baidu.com,Bigender,157.6.144.195
335,Stillmann,Habin,shabin9a@amazonaws.com,Male,34.219.216.52
336,Marilee,Robberecht,mrobberecht9b@rediff.com,Female,183.249.25.147
337,Darbie,Tolossi,dtolossi9c@typepad.com,Female,127.243.183.15
338,Illa,Grutchfield,igrutchfield9d@icq.com,Female,224.131.236.23
339,Isadore,Paddy,ipaddy9e@gnu.org,Male,155.64.151.111
340,Selie,Roarty,sroarty9f@mozilla.com,Female,16.75.31.203
341,Brande,Sibbe,bsibbe9g@oaic.gov.au,Female,52.39.204.73
342,Ephraim,Czajkowski,eczajkowski9h@fc2.com,Male,61.249.190.23
343,Boy,Birkin,bbirkin9i@newyorker.com,Male,149.69.94.251
344,Ginelle,Surgen,gsurgen9j@xinhuanet.com,Female,177.29.52.209
345,Fidole,Sazio,fsazio9k@virginia.edu,Male,170.130.41.232
346,Martita,Mowett,mmowett9l@fotki.com,Female,199.176.201.21
347,Nadeen,Pabst,npabst9m@cmu.edu,Female,100.73.46.247
348,Janifer,Legon,jlegon9n@noaa.gov,Female,85.205.172.49
349,Hewet,Poulglais,hpoulglais9o@unblog.fr,Male,15.240.96.243
350,Hedwiga,Siburn,hsiburn9p@foxnews.com,Polygender,206.118.17.91
351,Maggy,McEttigen,mmcettigen9q@aboutads.info,Female,244.136.8.199
352,Bancroft,Curner,bcurner9r@wikia.com,Male,32.149.134.24
353,Samuel,Pendre,spendre9s@eepurl.com,Male,26.233.129.180
354,Gaby,Foystone,gfoystone9t@gov.uk,Male,1.200.179.109
355,Stormy,Poulsom,spoulsom9u@de.vu,Female,177.221.235.69
356,Walliw,Meachan,wmeachan9v@nih.gov,Female,145.78.115.229
357,Odie,Waight,owaight9w@flavors.me,Male,55.35.6.127
358,Bernadette,Boyda,bboyda9x@instagram.com,Female,99.122.85.187
359,Ancell,Kruschev,akruschev9y@webs.com,Male,93.93.227.158
360,Maighdiln,Rocco,mrocco9z@umn.edu,Female,226.133.139.40
361,Welch,Wisdom,wwisdoma0@weibo.com,Male,198.142.143.53
362,Laurence,Donaghie,ldonaghiea1@google.com,Male,16.253.181.55
363,Yoshi,Cutriss,ycutrissa2@va.gov,Non-binary,233.252.23.128
364,Chickie,Lukins,clukinsa3@over-blog.com,Female,64.114.43.75
365,Ivett,Boud,ibouda4@sakura.ne.jp,Female,106.40.16.67
366,Lexine,Luck,llucka5@newsvine.com,Female,53.112.18.94
367,Stephi,Sellan,ssellana6@unesco.org,Female,103.113.227.244
368,Sapphire,Aubrun,saubruna7@google.co.jp,Bigender,244.136.131.112
369,Florance,Treadway,ftreadwaya8@eventbrite.com,Female,143.237.47.65
370,Barclay,Muttock,bmuttocka9@csmonitor.com,Male,39.24.235.84
371,Sullivan,Nuttall,snuttallaa@sciencedaily.com,Male,193.36.115.144
372,Kaitlyn,Farrah,kfarrahab@illinois.edu,Female,234.130.6.194
373,Correy,Hinrich,chinrichac@google.fr,Genderfluid,163.79.19.109
374,Rachel,Brayley,rbrayleyad@lycos.com,Female,185.167.210.175
375,Adda,Vasilik,avasilikae@geocities.jp,Female,103.194.89.179
376,Lucais,Masson,lmassonaf@1688.com,Male,45.131.43.46
377,Porty,Forrest,pforrestag@kickstarter.com,Male,253.88.31.98
378,Glennie,Dovington,gdovingtonah@amazon.co.uk,Female,149.53.80.250
379,Ibby,Gino,iginoai@amazon.co.jp,Female,125.22.92.160
380,Kort,Brabbs,kbrabbsaj@cbc.ca,Male,28.60.60.216
381,Pen,Nunes Nabarro,pnunesnabarroak@wordpress.com,Female,63.91.108.204
382,Olimpia,Butterley,obutterleyal@slashdot.org,Female,104.108.117.170
383,Tremain,Westbrook,twestbrookam@goo.gl,Male,137.129.178.166
384,Ilise,Wycliffe,iwycliffean@sakura.ne.jp,Genderfluid,207.128.17.210
385,Clementina,Riddock,criddockao@zdnet.com,Female,18.39.198.198
386,Alick,Linnit,alinnitap@1688.com,Male,145.251.216.199
387,Tessa,Clifft,tclifftaq@java.com,Bigender,62.175.194.34
388,Annabell,Bottelstone,abottelstonear@infoseek.co.jp,Female,118.32.67.141
389,Eugenio,Fullard,efullardas@arizona.edu,Polygender,251.67.142.233
390,Gianina,McDugal,gmcdugalat@google.es,Non-binary,224.63.247.84
391,Theresita,Shackel,tshackelau@theglobeandmail.com,Female,145.64.22.17
392,Guillema,Fitzroy,gfitzroyav@issuu.com,Female,21.30.198.243
393,Vanni,Staite,vstaiteaw@spiegel.de,Female,255.138.133.186
394,Chrisy,Pressnell,cpressnellax@yellowbook.com,Polygender,193.51.228.153
395,Caro,Shmyr,cshmyray@scientificamerican.com,Female,197.192.246.71
396,Care,Hugh,chughaz@addtoany.com,Male,212.184.78.190
397,Mala,Steaning,msteaningb0@liveinternet.ru,Female,181.221.61.184
398,Alair,Walklate,awalklateb1@sbwire.com,Male,239.54.28.182
399,Boot,Wey,bweyb2@army.mil,Male,138.156.99.238
400,Astrid,Van den Broek,avandenbroekb3@ning.com,Female,147.5.34.182
401,Jolene,Glaves,jglavesb4@tuttocitta.it,Female,119.14.214.180
402,Vita,Henlon,vhenlonb5@yellowpages.com,Female,77.212.70.190
403,Ernestus,Marney,emarneyb6@wikia.com,Male,66.255.74.192
404,Emmanuel,Andrat,eandratb7@businessinsider.com,Male,133.188.36.159
405,Theo,Plampeyn,tplampeynb8@google.ru,Bigender,114.131.21.101
406,Nev,Beardall,nbeardallb9@uol.com.br,Male,244.247.163.197
407,Lou,Minucci,lminucciba@ehow.com,Female,215.78.161.248
408,Sher,Bramhill,sbramhillbb@reuters.com,Female,223.212.79.199
409,Bobina,Bleasdille,bbleasdillebc@tumblr.com,Female,6.246.109.144
410,Cicely,Venditto,cvendittobd@timesonline.co.uk,Female,108.202.84.33
411,Harv,Kensitt,hkensittbe@domainmarket.com,Male,8.34.121.174
412,Darice,Baert,dbaertbf@blogtalkradio.com,Genderfluid,80.167.1.187
413,Valry,Sawday,vsawdaybg@businesswire.com,Female,7.154.41.247
414,Joleen,Gable,jgablebh@ca.gov,Female,77.23.162.80
415,Daile,Abbie,dabbiebi@who.int,Female,135.91.116.29
416,Jamima,Mowsdale,jmowsdalebj@vinaora.com,Female,5.52.220.139
417,Selinda,Kettlesting,skettlestingbk@mail.ru,Female,129.208.71.159
418,Brig,Boldecke,bboldeckebl@ow.ly,Male,29.28.77.254
419,Tucky,Winney,twinneybm@usda.gov,Male,136.249.96.246
420,Kylie,Beynke,kbeynkebn@dedecms.com,Male,62.191.233.20
421,Edmund,Bende,ebendebo@elegantthemes.com,Male,100.217.102.236
422,Knox,Pool,kpoolbp@walmart.com,Male,201.96.169.146
423,Ingmar,Baudins,ibaudinsbq@edublogs.org,Male,51.44.239.132
424,Sophi,Autin,sautinbr@buzzfeed.com,Female,32.160.121.106
425,Sharyl,Mellem,smellembs@seattletimes.com,Female,166.244.60.114
426,Ricki,Girardez,rgirardezbt@salon.com,Male,95.129.40.179
427,Alwyn,Besantie,abesantiebu@cafepress.com,Male,53.26.51.15
428,Griswold,Broinlich,gbroinlichbv@infoseek.co.jp,Male,15.218.26.34
429,Law,Greggersen,lgreggersenbw@kickstarter.com,Male,175.218.89.224
430,Eilis,Turbefield,eturbefieldbx@wiley.com,Female,73.246.212.210
431,Nicoline,Pallant,npallantby@twitter.com,Female,157.33.190.55
432,Blinni,Chainey,bchaineybz@merriam-webster.com,Female,165.246.54.24
433,Erminia,Leithgoe,eleithgoec0@about.com,Female,51.193.105.50
434,Brander,Donohoe,bdonohoec1@taobao.com,Male,78.192.1.105
435,Dorri,Blum,dblumc2@cdc.gov,Female,8.138.180.110
436,Honoria,Magwood,hmagwoodc3@addthis.com,Female,37.98.61.176
437,Wendel,Pringour,wpringourc4@deliciousdays.com,Male,35.140.93.1
438,Hort,Ratnege,hratnegec5@hud.gov,Male,94.127.244.21
439,Rice,Pitrollo,rpitrolloc6@google.ru,Male,37.201.14.82
440,Roch,Weben,rwebenc7@mlb.com,Female,31.195.92.13
441,Lynnea,Joist,ljoistc8@wisc.edu,Female,243.62.163.80
442,Diann,Clifton,dcliftonc9@springer.com,Female,8.160.97.14
443,Edgard,Joselson,ejoselsonca@storify.com,Male,150.94.254.33
444,Moreen,Mays,mmayscb@un.org,Female,118.95.113.236
445,Loydie,Moulson,lmoulsoncc@nature.com,Male,127.215.72.38
446,Blakeley,Treswell,btreswellcd@cyberchimps.com,Female,73.60.111.22
447,Wilmette,Blunsden,wblunsdence@quantcast.com,Female,185.59.152.43
448,Omar,Cinavas,ocinavascf@wix.com,Male,112.77.154.47
449,Eduino,Sein,eseincg@so-net.ne.jp,Male,44.142.12.193
450,Bealle,Camolli,bcamollich@virginia.edu,Male,37.180.208.186
451,Loralyn,Gionettitti,lgionettittici@ca.gov,Bigender,208.77.251.139
452,Neil,Wedon,nwedoncj@google.fr,Male,212.65.205.245
453,Randi,Sircombe,rsircombeck@dailymotion.com,Female,239.114.210.231
454,Billi,Woodnutt,bwoodnuttcl@facebook.com,Female,26.205.146.244
455,Ruddie,Ruggs,rruggscm@mit.edu,Male,44.155.239.207
456,Johnathon,Epdell,jepdellcn@mail.ru,Male,5.189.179.139
457,Adelice,Chataignier,achataignierco@nasa.gov,Female,165.33.51.19
458,Carrie,McCulloch,cmccullochcp@meetup.com,Female,101.230.162.67
459,Glyn,Handover,ghandovercq@woothemes.com,Male,116.160.248.27
460,Shana,Willeson,swillesoncr@alibaba.com,Female,155.158.243.21
461,Jan,Basset,jbassetcs@blogger.com,Female,43.58.9.170
462,Tabbitha,Amort,tamortct@list-manage.com,Female,170.192.80.42
463,Richmound,Nobles,rnoblescu@google.nl,Male,244.145.0.112
464,Kin,Von Hindenburg,kvonhindenburgcv@disqus.com,Male,255.205.193.167
465,Rriocard,Troillet,rtroilletcw@scientificamerican.com,Male,2.234.2.4
466,Emmet,Claughton,eclaughtoncx@photobucket.com,Male,13.143.151.79
467,Orv,Ollier,oolliercy@pbs.org,Male,140.54.51.204
468,Oralee,Hillett,ohillettcz@cornell.edu,Female,94.192.97.141
469,Ronna,O' Dornan,rodornand0@xinhuanet.com,Female,100.116.186.139
470,Hanson,Bonney,hbonneyd1@delicious.com,Male,49.126.168.77
471,Cassandry,Goodlife,cgoodlifed2@google.fr,Female,96.93.11.103
472,Kile,Grishagin,kgrishagind3@storify.com,Male,7.237.81.70
473,Fran,Minors,fminorsd4@amazon.com,Non-binary,2.124.120.248
474,Tomasine,Arnau,tarnaud5@marketwatch.com,Female,93.123.49.18
475,Wilek,Wilprecht,wwilprechtd6@gizmodo.com,Male,63.166.240.255
476,Garrott,Opdenort,gopdenortd7@godaddy.com,Male,28.48.22.33
477,Mattheus,Wreakes,mwreakesd8@acquirethisname.com,Male,145.110.60.71
478,Bear,Lasty,blastyd9@senate.gov,Agender,83.13.208.113
479,Richardo,Iacobetto,riacobettoda@google.fr,Male,127.47.44.85
480,Sonnie,Thow,sthowdb@guardian.co.uk,Female,152.80.204.161
481,Celestina,Le Friec,clefriecdc@kickstarter.com,Female,218.33.138.26
482,Norry,McCullouch,nmccullouchdd@zdnet.com,Male,217.169.11.29
483,Irwin,Mager,imagerde@dailymotion.com,Male,255.235.205.170
484,Gertrude,Camois,gcamoisdf@cisco.com,Female,197.226.75.185
485,Letti,Jameson,ljamesondg@gizmodo.com,Female,22.161.143.107
486,Brook,Stitcher,bstitcherdh@cnn.com,Male,246.32.52.243
487,Amos,Lowin,alowindi@army.mil,Male,107.16.220.229
488,Marwin,Bortoloni,mbortolonidj@goo.gl,Male,169.249.85.165
489,Olva,Pauls,opaulsdk@ifeng.com,Genderfluid,51.193.242.124
490,Diana,Nortcliffe,dnortcliffedl@webmd.com,Bigender,90.187.50.142
491,Jordon,Webburn,jwebburndm@dmoz.org,Male,96.196.79.89
492,Elyn,Chittey,echitteydn@webeden.co.uk,Female,227.62.250.47
493,Lem,Gooda,lgoodado@who.int,Male,65.35.180.59
494,Patty,Counter,pcounterdp@hostgator.com,Male,59.70.203.161
495,Ogdon,Skryne,oskrynedq@tiny.cc,Male,245.243.0.244
496,Bennie,De Ruggiero,bderuggierodr@go.com,Non-binary,199.45.32.214
497,Waly,Vasilyev,wvasilyevds@rediff.com,Female,70.120.94.125
498,Noe,Hamlington,nhamlingtondt@wired.com,Male,131.126.223.251
499,Grethel,Carss,gcarssdu@state.gov,Female,130.200.140.79
500,Homerus,Yesinin,hyesinindv@msu.edu,Male,145.201.151.174
501,Chris,Berthe,cberthedw@stanford.edu,Non-binary,63.139.241.38
502,Sonnie,Folger,sfolgerdx@reddit.com,Female,230.102.227.221
503,Barnie,May,bmaydy@live.com,Male,85.1.125.176
504,Madalena,Guilaem,mguilaemdz@auda.org.au,Female,85.126.129.42
505,Enrichetta,Nisuis,enisuise0@360.cn,Female,195.40.165.116
506,Joellen,Giggs,jgiggse1@ucsd.edu,Female,142.118.110.40
507,Heath,Matelyunas,hmatelyunase2@bloomberg.com,Non-binary,166.168.13.230
508,Marita,Alastair,malastaire3@cloudflare.com,Genderqueer,49.198.53.99
509,Clair,Beert,cbeerte4@usnews.com,Female,145.237.90.244
510,Walden,Kumar,wkumare5@scientificamerican.com,Male,9.105.87.87
511,Jere,Prichet,jprichete6@cargocollective.com,Female,149.226.217.56
512,Lishe,Winham,lwinhame7@live.com,Female,133.129.210.88
513,Kara,McCaughan,kmccaughane8@va.gov,Bigender,223.219.215.46
514,Ange,Adamides,aadamidese9@cnet.com,Female,115.95.111.69
515,Karney,Shakle,kshakleea@house.gov,Male,12.139.189.121
516,Francisca,Bunten,fbunteneb@amazon.co.uk,Female,131.179.108.40
517,Lonnie,Croser,lcroserec@arizona.edu,Female,241.164.143.215
518,Humphrey,Dominguez,hdominguezed@exblog.jp,Male,210.245.111.139
519,Jacklin,Lamshead,jlamsheadee@cdc.gov,Female,28.217.85.56
520,Quentin,Jeary,qjearyef@twitpic.com,Female,59.241.80.87
521,Ellynn,Videler,evidelereg@pbs.org,Female,51.140.146.102
522,Cristina,Danielsen,cdanielseneh@bravesites.com,Female,248.0.68.155
523,Donnell,Cheake,dcheakeei@umich.edu,Male,9.113.29.191
524,Shaylyn,Readitt,sreadittej@house.gov,Female,56.223.223.193
525,Stormi,Fruish,sfruishek@youku.com,Female,145.139.8.203
526,Paloma,Boylund,pboylundel@cbc.ca,Female,169.169.163.45
527,Tomlin,Maseyk,tmaseykem@goodreads.com,Male,229.69.84.189
528,Vyky,Dorant,vdoranten@google.nl,Female,49.72.104.75
529,Otha,Lawfull,olawfulleo@uiuc.edu,Female,217.234.28.237
530,Annadiane,Gietz,agietzep@nyu.edu,Female,152.96.125.23
531,Roley,Capner,rcapnereq@hostgator.com,Male,195.152.48.79
532,Jolee,Tripcony,jtripconyer@pbs.org,Polygender,244.222.245.41
533,Ally,Huke,ahukees@g.co,Female,197.147.86.106
534,Ethyl,Gunnell,egunnellet@ovh.net,Female,175.175.216.50
535,Deane,Mandeville,dmandevilleeu@fotki.com,Male,142.81.29.61
536,Ursulina,Cicutto,ucicuttoev@yellowpages.com,Female,149.67.45.68
537,Sebastian,Norewood,snorewoodew@ucsd.edu,Male,54.189.65.207
538,Erinn,Dinzey,edinzeyex@amazon.co.uk,Female,207.138.17.180
539,Reamonn,Stickens,rstickensey@economist.com,Male,69.119.60.80
540,Claiborn,Roast,croastez@bandcamp.com,Male,1.48.20.14
541,Wittie,Heiner,wheinerf0@vimeo.com,Male,167.77.162.158
542,Iormina,Ager,iagerf1@narod.ru,Female,90.188.169.150
543,Odelia,O'Sherrin,oosherrinf2@pbs.org,Female,27.5.25.111
544,Bernardina,Pelz,bpelzf3@angelfire.com,Female,173.147.205.135
545,Kimble,Calderon,kcalderonf4@scribd.com,Male,207.253.64.209
546,Curr,Utton,cuttonf5@vinaora.com,Male,121.154.66.19
547,Boyd,Elflain,belflainf6@yellowbook.com,Male,154.41.20.58
548,Bail,Murricanes,bmurricanesf7@tamu.edu,Male,177.162.99.188
549,Beniamino,Van der Mark,bvandermarkf8@taobao.com,Male,13.200.143.127
550,Susann,Irvin,sirvinf9@imageshack.us,Female,144.135.226.54
551,Moore,Troucher,mtroucherfa@myspace.com,Male,77.251.55.93
552,Floris,Martello,fmartellofb@va.gov,Female,122.185.189.168
553,Fair,Raatz,fraatzfc@elpais.com,Male,1.173.88.45
554,Massimo,Dimond,mdimondfd@ihg.com,Male,178.223.233.153
555,Lida,MacNish,lmacnishfe@senate.gov,Female,89.221.166.189
556,Dave,Kippen,dkippenff@scribd.com,Male,38.251.33.170
557,Heriberto,Vanyarkin,hvanyarkinfg@uol.com.br,Male,247.103.163.70
558,Elianore,Siddall,esiddallfh@lulu.com,Polygender,122.239.240.244
559,Virgie,Dicker,vdickerfi@fastcompany.com,Female,52.194.234.93
560,Geri,Gibbings,ggibbingsfj@geocities.com,Male,72.153.234.113
561,Osbourne,Rodenhurst,orodenhurstfk@about.me,Genderqueer,14.148.106.191
562,Rollie,Lewing,rlewingfl@webs.com,Male,203.121.19.106
563,Lindsay,Saenz,lsaenzfm@theatlantic.com,Male,217.148.123.47
564,Ash,Bestiman,abestimanfn@cornell.edu,Male,192.12.98.5
565,Stephie,Jennins,sjenninsfo@photobucket.com,Female,105.199.34.42
566,Jephthah,Ferris,jferrisfp@opera.com,Male,27.82.187.85
567,Corinna,Pidcock,cpidcockfq@ed.gov,Female,13.109.136.122
568,Stillmann,Danne,sdannefr@telegraph.co.uk,Male,57.145.180.244
569,Chickie,Croke,ccrokefs@virginia.edu,Male,155.5.60.115
570,Agosto,Fortey,aforteyft@storify.com,Male,155.132.82.144
571,Dianemarie,Alpin,dalpinfu@nature.com,Female,182.216.230.83
572,Sondra,Osbidston,sosbidstonfv@blogs.com,Female,43.104.167.248
573,Rob,Corinton,rcorintonfw@dot.gov,Non-binary,14.159.35.247
574,Willi,Gibling,wgiblingfx@last.fm,Male,215.36.12.210
575,Elmer,Crumpton,ecrumptonfy@ihg.com,Male,237.204.40.243
576,Cindelyn,Boler,cbolerfz@exblog.jp,Female,140.137.47.120
577,Napoleon,Gleave,ngleaveg0@instagram.com,Male,103.171.118.146
578,Lindie,Kinloch,lkinlochg1@vimeo.com,Female,218.222.150.72
579,Alfons,Andryushin,aandryushing2@telegraph.co.uk,Male,67.70.227.118
580,Rabi,Ferrari,rferrarig3@twitpic.com,Agender,55.34.206.37
581,Jeno,Alentyev,jalentyevg4@toplist.cz,Male,100.244.126.64
582,Ramsay,McCrystal,rmccrystalg5@si.edu,Male,151.85.46.146
583,Alvis,O'Hannay,aohannayg6@psu.edu,Male,141.94.76.91
584,Kassi,Yitzhakof,kyitzhakofg7@disqus.com,Female,217.164.228.184
585,Lexie,Sterndale,lsterndaleg8@imageshack.us,Female,243.103.62.6
586,Krystalle,Ivanyutin,kivanyuting9@usatoday.com,Female,190.70.52.56
587,Pru,Di Roberto,pdirobertoga@bing.com,Female,254.157.116.217
588,Lynn,Tatum,ltatumgb@washingtonpost.com,Female,91.203.240.244
589,Mala,Thoms,mthomsgc@zimbio.com,Female,148.59.147.201
590,Libbi,Thunnerclef,lthunnerclefgd@issuu.com,Female,64.7.239.121
591,Jethro,Luttgert,jluttgertge@4shared.com,Male,110.108.51.81
592,Gardiner,Osinin,gosiningf@spiegel.de,Male,115.235.238.253
593,Bondon,Orneblow,borneblowgg@bbc.co.uk,Male,177.9.224.115
594,Andrew,Paszak,apaszakgh@disqus.com,Male,195.76.33.22
595,Cammy,Addison,caddisongi@icio.us,Male,46.20.19.237
596,Marybeth,Charnley,mcharnleygj@ezinearticles.com,Bigender,125.30.56.1
597,Deanna,Bowe,dbowegk@sphinn.com,Female,73.68.121.26
598,Giff,O'Hanley,gohanleygl@exblog.jp,Male,198.127.246.157
599,Freddy,Oldroyd,foldroydgm@woothemes.com,Female,232.10.121.146
600,Feodora,Campaigne,fcampaignegn@reuters.com,Female,70.174.219.138
601,Griffy,Slocom,gslocomgo@last.fm,Male,65.8.88.182
602,Betti,Rickets,bricketsgp@ycombinator.com,Female,9.195.236.9
603,Keir,Mackley,kmackleygq@clickbank.net,Male,253.164.232.62
604,Eadie,Nuth,enuthgr@blogger.com,Female,214.214.96.237
605,Griffin,Ayris,gayrisgs@cdc.gov,Male,101.103.188.161
606,Mildrid,Baylis,mbaylisgt@upenn.edu,Female,96.230.183.232
607,Amos,Matissoff,amatissoffgu@1688.com,Male,40.195.44.45
608,Conan,Harrop,charropgv@opensource.org,Male,255.73.52.248
609,Cyndi,Ponte,cpontegw@marketwatch.com,Genderqueer,243.89.15.131
610,Nani,Tuke,ntukegx@163.com,Female,161.9.17.236
611,Dietrich,Yve,dyvegy@nasa.gov,Male,195.242.130.230
612,Erena,Sellor,esellorgz@skyrock.com,Female,3.195.160.3
613,Cosette,Luffman,cluffmanh0@slideshare.net,Female,103.57.127.122
614,Bree,Lewsley,blewsleyh1@ibm.com,Female,238.104.2.174
615,Hallsy,Renne,hrenneh2@wikispaces.com,Male,241.178.216.66
616,Spenser,Harower,sharowerh3@ft.com,Male,130.137.15.150
617,Fee,Lofting,floftingh4@networksolutions.com,Male,17.58.239.129
618,Ynez,Woolvin,ywoolvinh5@woothemes.com,Female,46.60.65.91
619,Juieta,Greenmon,jgreenmonh6@wp.com,Female,33.223.168.157
620,Georgette,Nevitt,gnevitth7@timesonline.co.uk,Female,52.203.117.152
621,Aloysia,Sprowell,asprowellh8@washingtonpost.com,Female,30.232.55.241
622,Ashly,Ughini,aughinih9@photobucket.com,Female,32.120.39.43
623,Danila,Robertshaw,drobertshawha@goo.gl,Female,133.50.36.209
624,Thadeus,Allenson,tallensonhb@hostgator.com,Male,240.104.97.78
625,Sibel,Trussman,strussmanhc@slate.com,Female,254.19.244.171
626,Tuck,Camellini,tcamellinihd@japanpost.jp,Male,133.222.55.249
627,Abagail,Fernehough,afernehoughhe@yahoo.co.jp,Female,159.70.45.53
628,Shandra,Gibbin,sgibbinhf@house.gov,Bigender,178.205.181.236
629,Culley,Sallis,csallishg@pbs.org,Male,83.245.153.129
630,Thor,Rump,trumphh@freewebs.com,Male,204.145.82.223
631,Vite,Brinklow,vbrinklowhi@admin.ch,Male,245.150.210.26
632,Dmitri,Sayles,dsayleshj@stanford.edu,Male,233.41.15.190
633,Mellisent,Banes,mbaneshk@slideshare.net,Female,11.42.220.53
634,Fredelia,Sawers,fsawershl@globo.com,Female,95.240.206.187
635,Caria,Jickles,cjickleshm@fotki.com,Female,226.72.28.234
636,Godwin,Pinsent,gpinsenthn@flavors.me,Male,154.212.190.132
637,Lib,Duce,lduceho@pbs.org,Female,56.108.103.242
638,Aidan,Southwell,asouthwellhp@google.com,Genderfluid,184.106.81.238
639,Lowrance,Keenor,lkeenorhq@geocities.com,Male,40.172.21.2
640,Noelyn,Jagson,njagsonhr@devhub.com,Female,192.152.145.248
641,Prinz,Yoselevitch,pyoselevitchhs@yellowpages.com,Male,99.8.27.34
642,Hillary,MacCourt,hmaccourtht@weibo.com,Female,57.100.227.219
643,Lexis,Goodricke,lgoodrickehu@pinterest.com,Female,44.105.242.157
644,Spencer,Fishpond,sfishpondhv@xinhuanet.com,Genderfluid,175.193.99.95
645,Alfie,Baukham,abaukhamhw@aboutads.info,Male,156.200.157.134
646,Ingaborg,Faltin,ifaltinhx@mozilla.org,Female,66.153.61.99
647,Cherrita,Fuxman,cfuxmanhy@upenn.edu,Female,80.131.12.181
648,Laney,Biddwell,lbiddwellhz@tripadvisor.com,Agender,162.252.226.158
649,Linus,Lambertazzi,llambertazzii0@biblegateway.com,Male,193.9.174.164
650,Holmes,Wayper,hwayperi1@jalbum.net,Male,195.49.123.144
651,Cassius,Rourke,crourkei2@reddit.com,Male,228.184.49.20
652,Hyacinthe,Radborne,hradbornei3@issuu.com,Bigender,162.102.33.153
653,Randell,Riteley,rriteleyi4@symantec.com,Male,103.221.82.166
654,Lawton,Allcroft,lallcrofti5@drupal.org,Male,20.46.231.2
655,Cinnamon,Brekonridge,cbrekonridgei6@acquirethisname.com,Female,168.75.206.59
656,Nissie,Chevis,nchevisi7@google.com,Polygender,118.187.96.203
657,Annabel,Dregan,adregani8@printfriendly.com,Female,32.222.111.231
658,Quint,O'Lenane,qolenanei9@moonfruit.com,Male,78.7.7.67
659,Reider,Peery,rpeeryia@creativecommons.org,Bigender,104.114.196.23
660,Ikey,Hagley,ihagleyib@gravatar.com,Male,93.29.54.70
661,Gwendolen,Hills,ghillsic@aol.com,Female,77.10.229.204
662,Marsiella,Robottom,mrobottomid@wired.com,Genderfluid,6.2.119.64
663,Katee,Dixsee,kdixseeie@archive.org,Female,97.202.77.253
664,Kevan,Luparto,klupartoif@virginia.edu,Male,122.189.165.105
665,Weider,Dellatorre,wdellatorreig@weibo.com,Male,112.82.223.158
666,Odelle,Bruhke,obruhkeih@unicef.org,Female,253.215.3.22
667,Dalenna,Alforde,dalfordeii@last.fm,Female,213.88.42.57
668,Oralee,Sentance,osentanceij@upenn.edu,Female,169.148.87.165
669,Rosco,Marmyon,rmarmyonik@behance.net,Male,62.207.227.6
670,Mathilda,Caldera,mcalderail@netscape.com,Female,64.2.128.30
671,Flory,Starking,fstarkingim@angelfire.com,Female,22.208.42.239
672,Breena,Neathway,bneathwayin@ox.ac.uk,Female,204.190.146.39
673,Waldemar,Jedrzejczyk,wjedrzejczykio@ask.com,Male,248.104.69.61
674,Annmaria,Bartlet,abartletip@who.int,Female,126.95.159.18
675,Eydie,Norcop,enorcopiq@soup.io,Female,8.179.22.206
676,Celene,Bonass,cbonassir@addthis.com,Female,231.26.182.155
677,Merrie,Goodall,mgoodallis@google.pl,Female,128.204.166.197
678,Ayn,Lamers,alamersit@ustream.tv,Female,144.86.237.141
679,Katti,Jemmett,kjemmettiu@google.de,Female,157.207.140.35
680,Judas,Freathy,jfreathyiv@ft.com,Male,115.104.18.159
681,Sena,Buttle,sbuttleiw@facebook.com,Female,71.158.63.1
682,Lezlie,Razoux,lrazouxix@godaddy.com,Female,23.238.165.106
683,Ashlan,Penticoot,apenticootiy@usatoday.com,Female,119.158.229.235
684,Sofie,Tommis,stommisiz@goo.ne.jp,Female,148.19.20.131
685,Lexi,Cramer,lcramerj0@reuters.com,Female,29.236.117.56
686,Maryrose,Hyndson,mhyndsonj1@ehow.com,Female,87.191.162.110
687,Orton,Masedon,omasedonj2@last.fm,Male,86.162.63.74
688,Domini,Matlock,dmatlockj3@smh.com.au,Female,71.216.172.179
689,Debbie,Matts,dmattsj4@creativecommons.org,Female,12.63.233.195
690,Nisse,Davsley,ndavsleyj5@reuters.com,Female,22.49.40.151
691,Lowrance,Donnersberg,ldonnersbergj6@qq.com,Male,209.170.111.65
692,Barbabas,MacAdam,bmacadamj7@squarespace.com,Male,132.151.250.116
693,Bradly,Beneyto,bbeneytoj8@wikispaces.com,Male,114.87.107.6
694,Ferris,Fust,ffustj9@cloudflare.com,Agender,155.96.187.127
695,Faythe,Dacombe,fdacombeja@ebay.co.uk,Female,148.60.83.2
696,Rutger,Ockland,rocklandjb@1und1.de,Male,151.129.199.186
697,Desiri,Ben,dbenjc@simplemachines.org,Female,196.113.152.142
698,Drucill,Wrigley,dwrigleyjd@instagram.com,Genderqueer,109.164.213.216
699,Heriberto,Fearnyhough,hfearnyhoughje@goodreads.com,Male,248.208.215.36
700,Fanchette,Attac,fattacjf@usda.gov,Female,7.46.123.240
701,Daphna,Brikner,dbriknerjg@google.co.jp,Female,43.43.106.143
702,Yoshiko,Callender,ycallenderjh@pinterest.com,Non-binary,50.98.23.160
703,Elbert,Rattery,eratteryji@whitehouse.gov,Male,239.254.2.168
704,Durand,Landells,dlandellsjj@wikipedia.org,Male,110.214.155.190
705,Burnard,Kausche,bkauschejk@cnet.com,Male,156.46.39.170
706,Celestyna,Bordessa,cbordessajl@nasa.gov,Female,243.4.134.7
707,Ulrick,Sambeck,usambeckjm@shareasale.com,Polygender,234.48.172.59
708,Sharlene,Jestico,sjesticojn@apple.com,Female,93.54.176.1
709,Baldwin,Blunsum,bblunsumjo@ifeng.com,Male,198.130.236.24
710,Desmond,Beasant,dbeasantjp@toplist.cz,Male,195.20.184.5
711,Marji,Veness,mvenessjq@ovh.net,Agender,85.91.211.249
712,Patten,Vanyarkin,pvanyarkinjr@buzzfeed.com,Male,42.132.128.210
713,Korella,Saddleton,ksaddletonjs@dropbox.com,Female,156.26.226.185
714,Fallon,Donald,fdonaldjt@angelfire.com,Female,116.83.129.196
715,Michel,Bukowski,mbukowskiju@constantcontact.com,Female,109.166.222.48
716,Arlyne,Hallsworth,ahallsworthjv@amazon.co.jp,Female,113.251.155.26
717,Bertram,Lortz,blortzjw@qq.com,Male,27.152.65.107
718,Jaime,Cudmore,jcudmorejx@lulu.com,Female,186.39.83.123
719,Shelton,Dorning,sdorningjy@acquirethisname.com,Male,207.19.243.91
720,Chickie,Quodling,cquodlingjz@mac.com,Male,69.28.10.132
721,Roxana,Gebby,rgebbyk0@histats.com,Female,232.172.217.43
722,Davy,Vanni,dvannik1@wikia.com,Male,144.190.2.115
723,Rory,Guage,rguagek2@senate.gov,Female,142.113.56.11
724,Bonny,Krikorian,bkrikoriank3@timesonline.co.uk,Female,99.22.30.120
725,Haroun,Farlow,hfarlowk4@twitter.com,Male,51.77.241.226
726,Alexa,Youell,ayouellk5@army.mil,Female,20.211.80.97
727,Enoch,Carmody,ecarmodyk6@kickstarter.com,Male,241.139.0.175
728,Verile,Tembey,vtembeyk7@ucla.edu,Female,91.218.145.112
729,Alard,Figliovanni,afigliovannik8@craigslist.org,Male,132.136.84.56
730,Pen,Crudginton,pcrudgintonk9@privacy.gov.au,Male,87.249.206.105
731,Agnese,Tuckley,atuckleyka@prlog.org,Female,230.156.169.103
732,Jaquenette,Maulden,jmauldenkb@sciencedaily.com,Female,97.238.11.199
733,Justis,Molnar,jmolnarkc@live.com,Male,180.43.52.99
734,Bob,Lennard,blennardkd@themeforest.net,Male,188.62.236.95
735,Carl,Coppo,ccoppoke@house.gov,Male,187.216.149.66
736,Sophi,Brodley,sbrodleykf@feedburner.com,Female,16.171.137.48
737,Ailbert,Densun,adensunkg@yolasite.com,Bigender,44.188.129.37
738,Jephthah,Glandon,jglandonkh@so-net.ne.jp,Male,24.87.154.232
739,Neilla,Corbert,ncorbertki@bluehost.com,Female,189.159.245.1
740,Clemente,Haldenby,chaldenbykj@mashable.com,Male,174.3.102.19
741,Ken,Varnes,kvarneskk@alexa.com,Non-binary,222.82.170.102
742,Matias,Beavis,mbeaviskl@oaic.gov.au,Male,65.4.36.142
743,Bowie,Elsmore,belsmorekm@patch.com,Male,153.205.104.191
744,Marena,Kloisner,mkloisnerkn@wired.com,Female,36.166.143.169
745,Karney,Pallant,kpallantko@jugem.jp,Male,32.208.175.99
746,Albrecht,Terbruggen,aterbruggenkp@ning.com,Male,40.67.243.200
747,Torrance,Topping,ttoppingkq@pen.io,Male,126.167.75.5
748,Aidan,Olphert,aolphertkr@nyu.edu,Female,158.5.201.56
749,Lalo,Murford,lmurfordks@wp.com,Male,237.211.250.192
750,Darsey,Wooding,dwoodingkt@naver.com,Female,128.214.179.200
751,Torey,Gerrard,tgerrardku@census.gov,Male,212.166.6.246
752,Dulcine,Fawbert,dfawbertkv@nba.com,Female,250.72.136.99
753,Engracia,Frango,efrangokw@bravesites.com,Female,69.193.89.245
754,Aksel,Hoopper,ahoopperkx@ezinearticles.com,Male,228.138.23.223
755,Herby,Biasotti,hbiasottiky@chicagotribune.com,Male,255.14.219.109
756,Aubrey,Payle,apaylekz@geocities.jp,Male,107.83.145.208
757,Teador,Windross,twindrossl0@sourceforge.net,Male,4.122.119.130
758,Edmon,Kinsett,ekinsettl1@jalbum.net,Male,50.58.10.18
759,Salim,Owtram,sowtraml2@mysql.com,Male,187.7.70.239
760,Kiersten,Casarino,kcasarinol3@examiner.com,Female,167.153.221.168
761,Cal,Pleavin,cpleavinl4@japanpost.jp,Male,28.35.253.131
762,Delora,Bamling,dbamlingl5@mozilla.org,Bigender,16.253.57.182
763,Zulema,MacMakin,zmacmakinl6@ft.com,Female,50.195.169.143
764,Jolee,Kleszinski,jkleszinskil7@reuters.com,Female,239.159.89.182
765,Donavon,Delacote,ddelacotel8@diigo.com,Male,14.237.236.33
766,Leanor,O'Fallone,lofallonel9@jiathis.com,Female,230.81.2.73
767,Huntington,Gabbott,hgabbottla@jalbum.net,Male,250.47.215.127
768,Mala,Gallaher,mgallaherlb@theatlantic.com,Female,108.99.254.190
769,Burke,Snelgrove,bsnelgrovelc@t-online.de,Male,208.52.135.95
770,Neall,Szymonowicz,nszymonowiczld@theatlantic.com,Male,85.91.92.198
771,Gibbie,Bennie,gbenniele@mtv.com,Male,102.252.55.73
772,Irv,Powderham,ipowderhamlf@reverbnation.com,Male,253.65.121.222
773,Terra,O'Flaherty,toflahertylg@senate.gov,Female,138.44.191.7
774,Selia,Prinnett,sprinnettlh@epa.gov,Female,148.132.129.188
775,Pate,Blakeley,pblakeleyli@youtube.com,Male,120.96.43.12
776,Auberta,Cauldfield,acauldfieldlj@google.nl,Female,157.119.73.137
777,Zaccaria,Reuss,zreusslk@de.vu,Male,52.110.243.17
778,Whitby,Reolfo,wreolfoll@biblegateway.com,Male,8.84.152.44
779,Hollis,Jacox,hjacoxlm@topsy.com,Male,209.194.223.187
780,Ahmed,Antoinet,aantoinetln@jugem.jp,Male,222.120.194.123
781,Gill,Dockree,gdockreelo@google.ru,Male,219.35.153.225
782,Elwin,Ben-Aharon,ebenaharonlp@bizjournals.com,Male,81.251.14.65
783,Van,Leinweber,vleinweberlq@4shared.com,Male,80.179.189.84
784,Jourdain,Harston,jharstonlr@is.gd,Genderqueer,87.35.116.197
785,Merle,Darrigrand,mdarrigrandls@gov.uk,Female,13.58.168.232
786,Radcliffe,Checo,rchecolt@smugmug.com,Male,161.142.115.83
787,Barris,Rushton,brushtonlu@nba.com,Male,131.214.188.154
788,Gussy,Favey,gfaveylv@vk.com,Female,73.248.98.120
789,Deidre,Ginsie,dginsielw@auda.org.au,Female,146.252.108.248
790,Tracy,Justun,tjustunlx@sogou.com,Female,238.222.80.58
791,Baudoin,Tessington,btessingtonly@netscape.com,Male,83.22.34.35
792,Mollee,Leverentz,mleverentzlz@washington.edu,Female,44.33.186.83
793,Vitia,Holby,vholbym0@infoseek.co.jp,Female,11.243.158.137
794,Jannel,Risman,jrismanm1@freewebs.com,Female,162.250.43.139
795,Rodi,Seear,rseearm2@fda.gov,Female,177.38.205.28
796,Philippine,Cescon,pcesconm3@themeforest.net,Agender,236.111.211.142
797,Brynna,Foulis,bfoulism4@nba.com,Bigender,152.112.131.222
798,Cy,Pereira,cpereiram5@google.de,Male,151.212.189.115
799,Chantalle,Assiratti,cassirattim6@java.com,Female,89.54.26.166
800,Hilde,Wegman,hwegmanm7@ow.ly,Female,231.224.106.219
801,Jody,Dary,jdarym8@ow.ly,Male,209.244.75.114
802,Bernelle,Kefford,bkeffordm9@alexa.com,Female,111.40.105.94
803,Wash,Tweedell,wtweedellma@google.com.br,Male,57.51.5.89
804,Devlen,Bainbridge,dbainbridgemb@webmd.com,Male,236.146.147.24
805,Burt,Kingswood,bkingswoodmc@statcounter.com,Male,244.208.7.219
806,Erin,Meenehan,emeenehanmd@51.la,Female,51.6.8.85
807,Dela,Klousner,dklousnerme@globo.com,Non-binary,81.173.124.145
808,Gabby,Criag,gcriagmf@telegraph.co.uk,Male,177.140.156.169
809,Gratia,Maysor,gmaysormg@wordpress.com,Agender,6.254.214.38
810,Reinhard,MacAirt,rmacairtmh@1688.com,Male,225.231.10.62
811,Archer,Derby,aderbymi@google.com,Male,210.168.241.49
812,Dov,Linskey,dlinskeymj@reuters.com,Non-binary,78.24.126.156
813,Tybi,McAvin,tmcavinmk@google.co.jp,Female,202.58.78.18
814,Vivyan,Crosswaite,vcrosswaiteml@dailymail.co.uk,Female,182.228.59.250
815,Jackson,Hutfield,jhutfieldmm@sohu.com,Male,181.48.152.1
816,Merlina,Iglesias,miglesiasmn@networkadvertising.org,Female,236.169.197.166
817,Jessamyn,Commuzzo,jcommuzzomo@51.la,Female,218.3.128.13
818,Gayle,Jeannard,gjeannardmp@usgs.gov,Male,112.91.160.193
819,Teddie,Dorkens,tdorkensmq@histats.com,Genderfluid,17.160.170.99
820,Elyssa,Rushbury,erushburymr@cafepress.com,Female,84.24.160.8
821,Avrit,Hise,ahisems@ibm.com,Female,183.25.215.23
822,Jaquith,Cahani,jcahanimt@amazon.de,Female,17.39.14.65
823,Ester,Streeting,estreetingmu@ted.com,Female,234.176.106.246
824,Eliza,Matteris,ematterismv@360.cn,Female,14.13.134.101
825,Beauregard,Gladbach,bgladbachmw@wp.com,Male,155.22.247.247
826,Tobiah,Cleve,tclevemx@miibeian.gov.cn,Male,146.7.43.36
827,Kingsley,Accomb,kaccombmy@mayoclinic.com,Male,151.12.79.198
828,Florina,Mulligan,fmulliganmz@stanford.edu,Female,65.146.63.178
829,Darby,Taillant,dtaillantn0@shop-pro.jp,Female,12.29.133.193
830,Emilio,Reaveley,ereaveleyn1@is.gd,Male,13.180.74.219
831,Dwain,Clawe,dclawen2@miitbeian.gov.cn,Male,34.141.3.217
832,Cullin,Prodrick,cprodrickn3@nhs.uk,Male,195.195.76.191
833,Gaby,Bento,gbenton4@thetimes.co.uk,Male,148.216.101.173
834,Gaby,Cordelet,gcordeletn5@unicef.org,Female,156.3.54.184
835,Berti,Evens,bevensn6@yale.edu,Male,170.70.169.80
836,Dmitri,Spaight,dspaightn7@github.com,Male,161.216.27.14
837,Timi,Maseyk,tmaseykn8@narod.ru,Female,97.67.145.195
838,Burnaby,Heber,bhebern9@geocities.com,Male,195.117.11.125
839,Rana,Linnane,rlinnanena@usa.gov,Female,107.248.45.69
840,Eldredge,Stainsby,estainsbynb@samsung.com,Male,229.255.167.19
841,Terrel,Ballach,tballachnc@admin.ch,Male,242.17.157.129
842,Abigail,Woodsford,awoodsfordnd@spotify.com,Female,72.70.227.184
843,Shermy,Chue,schuene@cnet.com,Male,6.117.189.104
844,Rouvin,Ivanikhin,rivanikhinnf@cnet.com,Male,234.241.23.126
845,Ellis,Bestar,ebestarng@msu.edu,Male,42.24.204.254
846,Carmel,Battle,cbattlenh@ibm.com,Female,15.41.194.178
847,Deck,Gottelier,dgottelierni@a8.net,Male,248.226.29.88
848,Franciskus,Cutill,fcutillnj@yolasite.com,Male,224.25.166.221
849,Lonny,Cobson,lcobsonnk@ehow.com,Male,96.146.66.184
850,Zerk,Storre,zstorrenl@paypal.com,Male,143.212.182.58
851,Marven,Forstall,mforstallnm@qq.com,Male,29.227.4.179
852,Nobie,Statefield,nstatefieldnn@harvard.edu,Male,233.89.49.182
853,Nichole,Bidgod,nbidgodno@seesaa.net,Female,255.36.95.206
854,Bili,Camelli,bcamellinp@newyorker.com,Genderfluid,197.213.177.39
855,Rudolf,Saunper,rsaunpernq@sina.com.cn,Male,73.84.90.214
856,Leda,Albrighton,lalbrightonnr@ow.ly,Genderfluid,245.230.27.233
857,Larina,Ossenna,lossennans@ed.gov,Female,81.104.67.220
858,Norbie,Fretwell,nfretwellnt@pbs.org,Male,69.239.73.135
859,Tim,Aslie,taslienu@blogtalkradio.com,Male,0.184.0.91
860,Lenee,Widdicombe,lwiddicombenv@redcross.org,Female,89.60.93.57
861,Stephie,Blazynski,sblazynskinw@umn.edu,Female,155.165.200.21
862,Bordy,Yanne,byannenx@slideshare.net,Male,161.6.95.245
863,Odo,Auger,oaugerny@jiathis.com,Male,43.120.75.31
864,Arturo,Pastor,apastornz@ft.com,Male,50.117.37.58
865,Emelia,Adney,eadneyo0@biblegateway.com,Female,205.19.165.236
866,Raymond,Loudwell,rloudwello1@yelp.com,Male,214.8.145.228
867,Mabel,Bertlin,mbertlino2@wordpress.com,Female,4.131.62.161
868,Putnem,Barfield,pbarfieldo3@youtube.com,Male,139.81.69.125
869,Shanna,Laughton,slaughtono4@ucsd.edu,Female,74.21.217.254
870,Rosalind,Hargreves,rhargreveso5@cdbaby.com,Female,81.182.150.160
871,Arvie,Tattersdill,atattersdillo6@youtube.com,Male,173.166.176.92
872,Nonie,Pipkin,npipkino7@canalblog.com,Female,3.6.126.243
873,Marcy,Doudny,mdoudnyo8@geocities.jp,Female,35.250.116.218
874,Kip,McLoney,kmcloneyo9@sourceforge.net,Female,29.7.147.97
875,Keri,Cremins,kcreminsoa@sina.com.cn,Female,221.194.190.120
876,Simone,Stillman,sstillmanob@so-net.ne.jp,Female,61.15.4.101
877,Kordula,Hambric,khambricoc@discovery.com,Female,138.144.106.114
878,Cord,Perel,cperelod@yandex.ru,Male,119.4.37.46
879,Benjie,Shoebridge,bshoebridgeoe@nifty.com,Male,13.107.108.102
880,Johnathon,Riepl,jrieplof@wisc.edu,Male,217.232.101.62
881,Sherwynd,Kenrick,skenrickog@engadget.com,Male,14.192.14.50
882,Wilburt,Mincini,wmincinioh@artisteer.com,Male,88.7.253.152
883,Roxanne,Frizell,rfrizelloi@slate.com,Female,247.223.80.247
884,Dori,Formie,dformieoj@cdbaby.com,Female,19.21.151.135
885,Loreen,Nerney,lnerneyok@uiuc.edu,Female,93.156.237.42
886,Keith,Duguid,kduguidol@princeton.edu,Male,74.15.99.8
887,Hildegarde,O'Hallagan,hohallaganom@ifeng.com,Female,97.186.56.248
888,Rosabel,Walch,rwalchon@symantec.com,Female,201.61.201.202
889,King,Hymas,khymasoo@bloglines.com,Male,47.160.82.46
890,Zeb,Luxford,zluxfordop@cbc.ca,Male,251.158.249.194
891,Selby,Climo,sclimooq@goo.ne.jp,Male,194.44.239.220
892,Lars,Murthwaite,lmurthwaiteor@dropbox.com,Male,94.142.43.126
893,Mercie,Meineken,mmeinekenos@cisco.com,Female,220.6.77.46
894,Ediva,Yakov,eyakovot@hp.com,Female,207.149.94.0
895,Kelsy,Jeannesson,kjeannessonou@artisteer.com,Female,141.175.178.52
896,Marcel,Newlove,mnewloveov@prnewswire.com,Male,124.9.73.216
897,Gaye,Norway,gnorwayow@so-net.ne.jp,Female,24.139.103.241
898,Julietta,Tue,jtueox@jimdo.com,Non-binary,255.113.62.183
899,Marietta,Banghe,mbangheoy@pcworld.com,Male,72.117.136.3
900,Berke,Verchambre,bverchambreoz@census.gov,Male,140.85.255.125
901,Dode,Steanyng,dsteanyngp0@cloudflare.com,Female,233.68.115.114
902,Graham,O'Crigan,gocriganp1@cmu.edu,Male,114.187.134.130
903,Gillan,Blandford,gblandfordp2@meetup.com,Female,155.21.197.195
904,Gipsy,Methringham,gmethringhamp3@acquirethisname.com,Female,116.101.186.235
905,Sammie,Apedaile,sapedailep4@paypal.com,Male,110.137.223.207
906,Kirbee,Aspland,kasplandp5@wiley.com,Female,169.187.117.161
907,Griz,Saiger,gsaigerp6@hp.com,Male,111.243.7.135
908,Toddy,Bussy,tbussyp7@wikia.com,Male,44.119.147.165
909,Rina,Amery,rameryp8@technorati.com,Female,4.29.193.49
910,Adelaida,Dockray,adockrayp9@apache.org,Female,38.139.128.169
911,Tory,Leebeter,tleebeterpa@sphinn.com,Female,210.130.107.245
912,Gloriane,Davydoch,gdavydochpb@auda.org.au,Female,207.173.5.12
913,Timmie,Cast,tcastpc@forbes.com,Male,12.211.18.219
914,Rayshell,Jeness,rjenesspd@51.la,Female,48.114.243.178
915,Corabel,Velte,cveltepe@amazon.com,Female,159.113.136.56
916,Gaile,Tasseler,gtasselerpf@themeforest.net,Male,80.188.17.209
917,Hattie,Pinks,hpinkspg@opera.com,Female,154.23.164.214
918,Quinton,Merry,qmerryph@ycombinator.com,Male,3.69.13.180
919,Savina,Mazzilli,smazzillipi@deliciousdays.com,Female,38.142.111.29
920,Gracie,O'Crotty,gocrottypj@princeton.edu,Female,43.82.23.91
921,Ron,Fryd,rfrydpk@chron.com,Male,120.151.112.198
922,Doris,Kiffin,dkiffinpl@businessweek.com,Female,18.117.87.212
923,Yale,Bellamy,ybellamypm@creativecommons.org,Male,162.241.133.186
924,Kendall,Filipponi,kfilipponipn@google.it,Male,167.225.3.196
925,Brian,Ely,belypo@shinystat.com,Male,29.38.71.123
926,Bartholemy,Maple,bmaplepp@creativecommons.org,Male,135.55.252.63
927,Drew,Moggach,dmoggachpq@1und1.de,Male,239.252.213.193
928,Tobiah,Nolda,tnoldapr@dedecms.com,Male,100.161.118.169
929,Ruthanne,Meadway,rmeadwayps@springer.com,Agender,195.27.156.65
930,Burke,Pinks,bpinkspt@sbwire.com,Agender,59.204.48.237
931,Leoine,Strahan,lstrahanpu@flickr.com,Female,244.72.170.198
932,Sidnee,Lovekin,slovekinpv@ow.ly,Male,93.221.48.36
933,Way,Shernock,wshernockpw@tripod.com,Male,14.45.126.126
934,Amil,Shurrock,ashurrockpx@mysql.com,Female,177.111.108.119
935,Thurstan,Attoc,tattocpy@amazon.de,Male,65.129.98.185
936,Meghann,Hawksby,mhawksbypz@livejournal.com,Female,69.200.34.80
937,Vittoria,Foad,vfoadq0@blogs.com,Female,151.100.170.146
938,Walden,Gierck,wgierckq1@psu.edu,Male,185.109.128.91
939,Kelly,Scherme,kschermeq2@google.ca,Male,8.65.227.197
940,Filippa,Middler,fmiddlerq3@pbs.org,Female,231.86.86.173
941,Robinson,Kenen,rkenenq4@istockphoto.com,Male,92.218.4.250
942,El,Bazoge,ebazogeq5@bizjournals.com,Male,18.167.66.89
943,Rodrick,Bembrick,rbembrickq6@state.tx.us,Male,152.12.185.3
944,Joann,Ourry,jourryq7@google.de,Female,37.76.190.108
945,Myles,Bunce,mbunceq8@guardian.co.uk,Male,227.189.226.2
946,Morissa,Baffin,mbaffinq9@wp.com,Female,107.64.94.68
947,Tiffi,Floch,tflochqa@issuu.com,Female,56.16.36.152
948,Linzy,Withrop,lwithropqb@yellowbook.com,Female,137.110.62.69
949,Kingston,Folliott,kfolliottqc@shutterfly.com,Male,126.54.57.51
950,Rosa,Donnison,rdonnisonqd@paginegialle.it,Female,179.47.219.226
951,Artie,Piotr,apiotrqe@i2i.jp,Male,140.41.247.254
952,Rodge,Dulinty,rdulintyqf@rediff.com,Male,242.201.11.23
953,Querida,Blaza,qblazaqg@mail.ru,Genderqueer,108.178.61.152
954,Keslie,Dinesen,kdinesenqh@shareasale.com,Female,187.117.143.180
955,Ania,Kroger,akrogerqi@t.co,Female,219.238.241.215
956,Raye,Tollit,rtollitqj@admin.ch,Agender,93.213.41.245
957,Terencio,Woolstenholmes,twoolstenholmesqk@exblog.jp,Male,49.127.101.244
958,Zacharie,Rackam,zrackamql@soundcloud.com,Male,182.233.244.150
959,Blaire,Caddens,bcaddensqm@amazonaws.com,Female,219.78.159.179
960,Megan,Bourton,mbourtonqn@mtv.com,Female,249.128.217.211
961,Maren,Bellringer,mbellringerqo@addtoany.com,Female,109.243.222.131
962,Marleen,Weddeburn - Scrimgeour,mweddeburnscrimgeourqp@washingtonpost.com,Female,87.157.151.194
963,Trisha,Merrington,tmerringtonqq@foxnews.com,Female,71.62.233.218
964,Neala,Halliburton,nhalliburtonqr@telegraph.co.uk,Female,13.185.188.39
965,Emmye,Stadden,estaddenqs@i2i.jp,Female,118.240.44.177
966,Neville,Brimblecombe,nbrimblecombeqt@angelfire.com,Bigender,19.10.253.93
967,Syman,Plaid,splaidqu@guardian.co.uk,Male,130.230.82.8
968,Hansiain,Janz,hjanzqv@ted.com,Male,65.26.186.211
969,Ximenez,Monsey,xmonseyqw@biblegateway.com,Male,179.231.218.106
970,Keefer,Bourdice,kbourdiceqx@amazonaws.com,Male,35.195.252.97
971,Freddy,Brassill,fbrassillqy@china.com.cn,Male,68.17.99.25
972,Janie,Rudeyeard,jrudeyeardqz@cpanel.net,Female,32.199.102.81
973,Sheena,Rosoni,srosonir0@si.edu,Female,60.55.236.165
974,Virge,Lippitt,vlippittr1@digg.com,Genderfluid,134.131.179.178
975,Basilio,Domb,bdombr2@example.com,Male,51.249.169.111
976,Karlen,Crennan,kcrennanr3@vinaora.com,Female,193.146.217.205
977,Borden,Pabelik,bpabelikr4@skyrock.com,Male,216.75.184.189
978,Michal,Beeton,mbeetonr5@craigslist.org,Female,117.10.39.45
979,Cullie,Milmo,cmilmor6@tinyurl.com,Male,19.131.225.250
980,Fabe,Wykey,fwykeyr7@e-recht24.de,Male,234.125.113.153
981,Stace,Klesel,skleselr8@cbslocal.com,Female,144.226.187.62
982,Wenda,Bradd,wbraddr9@over-blog.com,Female,151.111.240.171
983,Carlo,Paulo,cpaulora@cdbaby.com,Male,248.179.52.188
984,Verina,Rosin,vrosinrb@usda.gov,Female,184.32.189.183
985,Lori,Tzuker,ltzukerrc@telegraph.co.uk,Female,181.35.48.75
986,Tremain,Desantis,tdesantisrd@buzzfeed.com,Male,54.215.179.136
987,Ruggiero,DelaField,rdelafieldre@mashable.com,Male,108.112.0.183
988,Jade,Booker,jbookerrf@yolasite.com,Female,195.238.144.220
989,Doralynne,Temblett,dtemblettrg@shop-pro.jp,Female,148.245.156.33
990,Rafael,Radenhurst,rradenhurstrh@businesswire.com,Male,15.136.193.94
991,Katina,Muldrew,kmuldrewri@icio.us,Female,28.250.15.37
992,Jonas,Orhtmann,jorhtmannrj@nps.gov,Male,223.74.139.167
993,Gordy,Murname,gmurnamerk@ucla.edu,Male,91.238.97.43
994,Cobbie,Faltskog,cfaltskogrl@free.fr,Male,131.164.78.46
995,Benn,Leonida,bleonidarm@flavors.me,Male,129.249.123.158
996,Bert,Kohen,bkohenrn@loc.gov,Male,72.73.236.90
997,Carin,Pinckstone,cpinckstonero@senate.gov,Non-binary,30.238.244.85
998,Brinn,Byatt,bbyattrp@ehow.com,Female,235.197.145.65
999,Ashlie,Jeanequin,ajeanequinrq@si.edu,Female,213.246.143.197
1000,Morty,Maud,mmaudrr@biblegateway.com,Male,200.198.202.180
